dataset,evidence_group,architecture,point_count,median_total_byte_reduction,median_total_reduction_fraction,min_total_reduction_fraction,max_total_reduction_fraction,median_compact_structural_fraction,median_v2_structural_fraction
appliances-energy.csv,external,A0,7,23,0.0011557208180493772,0.0011392342364654473,0.0011557208180493772,0.007193882684374686,0.008341289382443093
appliances-energy.csv,external,A1,7,7107,0.2124473141422294,0.21118473835913587,0.2124473141422294,0.2509299324375617,0.41006785639554
appliances-energy.csv,external,A2,7,7591,0.22619794936179116,0.2233282515768391,0.22846979344154483,0.23691129843012915,0.41006785639554
appliances-energy.csv,external,A3,7,14191,0.3019040527603446,0.30129511677282383,0.3019040527603446,0.39857987444383497,0.5801510477608764
appliances-energy.csv,external,A4,7,15367,0.3266029723991507,0.3190086161046697,0.32913519838315075,0.37622479297047856,0.5801510477608764
beijing-pm25.csv,external,A0,7,23,0.0006704562017199045,0.0006655670341754183,0.0006704562017199045,0.004171285222565778,0.004838944760239032
beijing-pm25.csv,external,A1,7,12282,0.21264954897241894,0.2125170868444275,0.21264954897241894,0.24927982407916438,0.40892013089322504
beijing-pm25.csv,external,A2,7,12862,0.2225873400207541,0.22165278667520816,0.2241459909621345,0.23958124512751977,0.40892013089322504
beijing-pm25.csv,external,A3,7,24541,0.3021955694565873,0.30208025603151156,0.3021955694565873,0.3975612338533211,0.5796155598517406
beijing-pm25.csv,external,A4,7,25825,0.3180066248814787,0.31593788865766115,0.3210604735928284,0.3835945399393327,0.5796155598517406
dow-jones-weekly-return.csv,external,A0,7,23,0.12041884816753923,0.12041884816753923,0.12041884816753923,0.8511904761904762,0.8691099476439791
dow-jones-weekly-return.csv,external,A1,7,23,0.12041884816753923,0.12041884816753923,0.12041884816753923,0.8511904761904762,0.8691099476439791
dow-jones-weekly-return.csv,external,A2,7,23,0.12041884816753923,0.12041884816753923,0.1413612565445026,0.8511904761904762,0.8691099476439791
dow-jones-weekly-return.csv,external,A3,7,23,0.12041884816753923,0.12041884816753923,0.12041884816753923,0.8511904761904762,0.8691099476439791
dow-jones-weekly-return.csv,external,A4,7,23,0.12041884816753923,0.12041884816753923,0.1413612565445026,0.8511904761904762,0.8691099476439791
fan-vibration-x.csv,external,A0,7,23,0.0001501638744890732,0.00014791852904671998,0.0001501638744890732,0.000933767785664379,0.0010837914419649269
fan-vibration-x.csv,external,A1,7,54993,0.21288217213908012,0.21281050101968557,0.21288217213908012,0.24753975006516404,0.407725122519607
fan-vibration-x.csv,external,A2,7,59413,0.22999233526629148,0.22567221263055204,0.23070461355032013,0.23081950400426318,0.407725122519607
fan-vibration-x.csv,external,A3,7,44850,0.18771816743539738,0.18766711160021254,0.18771816743539738,0.21163279607568325,0.3596236428625242
fan-vibration-x.csv,external,A4,7,48290,0.20211617180502428,0.19943747331765183,0.2030034906789664,0.19740652146544127,0.3596236428625242
flat_spike.csv,internal,A0,7,23,0.04935622317596566,0.04925053533190582,0.04935622317596566,0.3227990970654628,0.3562231759656652
flat_spike.csv,internal,A1,7,115,0.17912772585669778,0.17912772585669778,0.17912772585669778,0.4307400379506641,0.5327102803738317
flat_spike.csv,internal,A2,7,131,0.2040498442367601,0.18535825545171336,0.21028037383177567,0.41291585127201563,0.5327102803738317
flat_spike.csv,internal,A3,7,92,0.15384615384615385,0.15384615384615385,0.15384615384615385,0.40711462450592883,0.4983277591973244
flat_spike.csv,internal,A4,7,96,0.1605351170568562,0.15384615384615385,0.16722408026755853,0.40239043824701193,0.4983277591973244
metro-traffic.csv,external,A0,7,23,0.0004755013438081379,0.0004755013438081379,0.0004755013438081379,0.0029577843506318905,0.0034318792640066157
metro-traffic.csv,external,A1,7,17342,0.21278005447719073,0.21278005447719073,0.21278005447719073,0.24869077306733167,0.4085543913032809
metro-traffic.csv,external,A2,7,18898,0.2318716105126255,0.21793330225025154,0.23393290962184976,0.23001725129384704,0.4085543913032809
metro-traffic.csv,external,A3,7,34661,0.3023623008880437,0.3023623008880437,0.3023623008880437,0.3972465707176172,0.5794964844635971
metro-traffic.csv,external,A4,7,38065,0.33205680688103,0.31485423172880644,0.33345255334368507,0.3704501821886142,0.5794964844635971
room-occupancy-count.csv,external,A0,7,23,0.002234094220495364,0.002234094220495364,0.002234094220495364,0.013921339563862928,0.016124332200097135
room-occupancy-count.csv,external,A1,7,3657,0.21203687597843102,0.21193856853086057,0.21203687597843102,0.25467255334805006,0.41270945671711023
room-occupancy-count.csv,external,A2,7,4293,0.24891285440946254,0.2485813549507817,0.24891285440946254,0.2180793577273429,0.41270945671711023
room-occupancy-count.csv,external,A3,7,1840,0.1336141166218866,0.1335947142960865,0.1336141166218866,0.15103511859860866,0.2644688112700603
room-occupancy-count.csv,external,A4,7,2160,0.1568513542952582,0.1564132327336042,0.1568513542952582,0.12763758504866074,0.2644688112700603
seoul-bike-demand.csv,external,A0,7,23,0.0025767421017253156,0.00257184390025722,0.0025767421017253156,0.01606200157250365,0.018597356038539098
seoul-bike-demand.csv,external,A1,7,3151,0.21133467471495637,0.211306330472103,0.21133467471495637,0.25503869376647675,0.4124748490945674
seoul-bike-demand.csv,external,A2,7,3351,0.22474849094567406,0.2204560697518444,0.2266264252179745,0.24214897482481185,0.4124748490945674
seoul-bike-demand.csv,external,A3,7,6302,0.30098385710192,0.3009407382646483,0.30098385710192,0.4014758130636786,0.5816219314165632
seoul-bike-demand.csv,external,A4,7,6850,0.32715636641513035,0.3143566720794727,0.3283026076989206,0.3781942078364566,0.5816219314165632
sine_noise.csv,internal,A0,7,23,0.04935622317596566,0.04935622317596566,0.04935622317596566,0.3227990970654628,0.3562231759656652
sine_noise.csv,internal,A1,7,115,0.17912772585669778,0.17912772585669778,0.17912772585669778,0.4307400379506641,0.5327102803738317
sine_noise.csv,internal,A2,7,123,0.19158878504672894,0.17912772585669778,0.2040498442367601,0.42196531791907516,0.5327102803738317
sine_noise.csv,internal,A3,7,138,0.2011661807580175,0.2011661807580175,0.2011661807580175,0.45255474452554745,0.5626822157434402
sine_noise.csv,internal,A4,7,154,0.22448979591836737,0.20699708454810495,0.22448979591836737,0.43609022556390975,0.5626822157434402
tetouan-zone1-power.csv,external,A0,7,23,0.0004374120421436478,0.0004374120421436478,0.0004374120421436478,0.002720751916893396,0.0031569738693849607
tetouan-zone1-power.csv,external,A1,7,18837,0.21266963217196921,0.21266963217196921,0.21266963217196921,0.24837604141273642,0.4082236322171292
tetouan-zone1-power.csv,external,A2,7,20921,0.2360625014112494,0.22188226793415677,0.23728182085036242,0.22494787738987712,0.4082236322171292
tetouan-zone1-power.csv,external,A3,7,37674,0.30233528609260896,0.3023013223777121,0.30233528609260896,0.3970737093954173,0.5793596019581093
tetouan-zone1-power.csv,external,A4,7,40818,0.32756600593852825,0.31642725302945185,0.3306476205761978,0.37445102157723886,0.5793596019581093
trend.csv,internal,A0,7,23,0.06284153005464477,0.06284153005464477,0.06284153005464477,0.41690962099125367,0.453551912568306
trend.csv,internal,A1,7,92,0.18473895582329314,0.18473895582329314,0.18473895582329314,0.5073891625615764,0.5983935742971888
trend.csv,internal,A2,7,92,0.18473895582329314,0.18473895582329314,0.18473895582329314,0.5073891625615764,0.5983935742971888
trend.csv,internal,A3,7,46,0.1121951219512195,0.1121951219512195,0.1121951219512195,0.45054945054945056,0.5121951219512195
trend.csv,internal,A4,7,46,0.1121951219512195,0.1121951219512195,0.1121951219512195,0.45054945054945056,0.5121951219512195
