point_id,dataset,evidence_group,architecture,architecture_name,C_Q,Q_MIN,n_samples,v2_encoded_bytes,compact_encoded_bytes,projected_encoded_bytes,compact_structural_bytes,compact_residual_payload_bytes,compact_structural_fraction,v2_structural_fraction,total_byte_reduction,total_reduction_fraction,segment_count,mean_segment_length,min_segment_length,max_segment_length,mean_predictor_segments,linear_predictor_segments,rw_predictor_segments,global_and_context_bytes,v2_structural_bytes,v2_residual_payload_bytes,encode_time_ms,decode_time_ms
trend.csv:A0:cq=0.0625,trend.csv,internal,A0,whole_linear,0.0625,1e-06,200,366,343,343,143,200,0.41690962099125367,0.453551912568306,23,0.06284153005464477,1,200.0,200,200,0,1,0,122,166,200,0.690199,0.221533
trend.csv:A1:cq=0.0625,trend.csv,internal,A1,fixed_linear,0.0625,1e-06,200,498,406,406,206,200,0.5073891625615764,0.5983935742971888,92,0.18473895582329314,4,50.0,8,64,0,4,0,122,298,200,0.75249,0.241384
trend.csv:A2:cq=0.0625,trend.csv,internal,A2,fixed_auto,0.0625,1e-06,200,498,406,406,206,200,0.5073891625615764,0.5983935742971888,92,0.18473895582329314,4,50.0,8,64,0,4,0,122,298,200,1.337294,0.239098
trend.csv:A3:cq=0.0625,trend.csv,internal,A3,adaptive_linear,0.0625,1e-06,200,410,364,364,164,200,0.45054945054945056,0.5121951219512195,46,0.1121951219512195,2,100.0,72,128,0,2,0,122,210,200,4.464737,0.228309
trend.csv:A4:cq=0.0625,trend.csv,internal,A4,adaptive_auto,0.0625,1e-06,200,410,364,364,164,200,0.45054945054945056,0.5121951219512195,46,0.1121951219512195,2,100.0,72,128,0,2,0,122,210,200,5.027253,0.227193
trend.csv:A0:cq=0.125,trend.csv,internal,A0,whole_linear,0.125,1e-06,200,366,343,343,143,200,0.41690962099125367,0.453551912568306,23,0.06284153005464477,1,200.0,200,200,0,1,0,122,166,200,0.687564,0.2207
trend.csv:A1:cq=0.125,trend.csv,internal,A1,fixed_linear,0.125,1e-06,200,498,406,406,206,200,0.5073891625615764,0.5983935742971888,92,0.18473895582329314,4,50.0,8,64,0,4,0,122,298,200,0.747472,0.241643
trend.csv:A2:cq=0.125,trend.csv,internal,A2,fixed_auto,0.125,1e-06,200,498,406,406,206,200,0.5073891625615764,0.5983935742971888,92,0.18473895582329314,4,50.0,8,64,0,4,0,122,298,200,1.337689,0.240302
trend.csv:A3:cq=0.125,trend.csv,internal,A3,adaptive_linear,0.125,1e-06,200,410,364,364,164,200,0.45054945054945056,0.5121951219512195,46,0.1121951219512195,2,100.0,72,128,0,2,0,122,210,200,4.446067,0.229143
trend.csv:A4:cq=0.125,trend.csv,internal,A4,adaptive_auto,0.125,1e-06,200,410,364,364,164,200,0.45054945054945056,0.5121951219512195,46,0.1121951219512195,2,100.0,72,128,0,2,0,122,210,200,5.084302,0.238102
trend.csv:A0:cq=0.25,trend.csv,internal,A0,whole_linear,0.25,1e-06,200,366,343,343,143,200,0.41690962099125367,0.453551912568306,23,0.06284153005464477,1,200.0,200,200,0,1,0,122,166,200,0.688082,0.21987
trend.csv:A1:cq=0.25,trend.csv,internal,A1,fixed_linear,0.25,1e-06,200,498,406,406,206,200,0.5073891625615764,0.5983935742971888,92,0.18473895582329314,4,50.0,8,64,0,4,0,122,298,200,0.881365,0.332378
trend.csv:A2:cq=0.25,trend.csv,internal,A2,fixed_auto,0.25,1e-06,200,498,406,406,206,200,0.5073891625615764,0.5983935742971888,92,0.18473895582329314,4,50.0,8,64,0,4,0,122,298,200,1.348759,0.238122
trend.csv:A3:cq=0.25,trend.csv,internal,A3,adaptive_linear,0.25,1e-06,200,410,364,364,164,200,0.45054945054945056,0.5121951219512195,46,0.1121951219512195,2,100.0,72,128,0,2,0,122,210,200,4.49804,0.230553
trend.csv:A4:cq=0.25,trend.csv,internal,A4,adaptive_auto,0.25,1e-06,200,410,364,364,164,200,0.45054945054945056,0.5121951219512195,46,0.1121951219512195,2,100.0,72,128,0,2,0,122,210,200,5.223431,0.230599
trend.csv:A0:cq=0.5,trend.csv,internal,A0,whole_linear,0.5,1e-06,200,366,343,343,143,200,0.41690962099125367,0.453551912568306,23,0.06284153005464477,1,200.0,200,200,0,1,0,122,166,200,0.686832,0.21789
trend.csv:A1:cq=0.5,trend.csv,internal,A1,fixed_linear,0.5,1e-06,200,498,406,406,206,200,0.5073891625615764,0.5983935742971888,92,0.18473895582329314,4,50.0,8,64,0,4,0,122,298,200,0.747467,0.237596
trend.csv:A2:cq=0.5,trend.csv,internal,A2,fixed_auto,0.5,1e-06,200,498,406,406,206,200,0.5073891625615764,0.5983935742971888,92,0.18473895582329314,4,50.0,8,64,0,4,0,122,298,200,1.344096,0.240746
trend.csv:A3:cq=0.5,trend.csv,internal,A3,adaptive_linear,0.5,1e-06,200,410,364,364,164,200,0.45054945054945056,0.5121951219512195,46,0.1121951219512195,2,100.0,72,128,0,2,0,122,210,200,4.557406,0.227883
trend.csv:A4:cq=0.5,trend.csv,internal,A4,adaptive_auto,0.5,1e-06,200,410,364,364,164,200,0.45054945054945056,0.5121951219512195,46,0.1121951219512195,2,100.0,72,128,0,2,0,122,210,200,5.082847,0.228131
trend.csv:A0:cq=1,trend.csv,internal,A0,whole_linear,1.0,1e-06,200,366,343,343,143,200,0.41690962099125367,0.453551912568306,23,0.06284153005464477,1,200.0,200,200,0,1,0,122,166,200,0.69081,0.21981
trend.csv:A1:cq=1,trend.csv,internal,A1,fixed_linear,1.0,1e-06,200,498,406,406,206,200,0.5073891625615764,0.5983935742971888,92,0.18473895582329314,4,50.0,8,64,0,4,0,122,298,200,0.749198,0.245846
trend.csv:A2:cq=1,trend.csv,internal,A2,fixed_auto,1.0,1e-06,200,498,406,406,206,200,0.5073891625615764,0.5983935742971888,92,0.18473895582329314,4,50.0,8,64,0,4,0,122,298,200,1.343523,0.240756
trend.csv:A3:cq=1,trend.csv,internal,A3,adaptive_linear,1.0,1e-06,200,410,364,364,164,200,0.45054945054945056,0.5121951219512195,46,0.1121951219512195,2,100.0,72,128,0,2,0,122,210,200,4.51909,0.230483
trend.csv:A4:cq=1,trend.csv,internal,A4,adaptive_auto,1.0,1e-06,200,410,364,364,164,200,0.45054945054945056,0.5121951219512195,46,0.1121951219512195,2,100.0,72,128,0,2,0,122,210,200,5.042443,0.231015
trend.csv:A0:cq=2,trend.csv,internal,A0,whole_linear,2.0,1e-06,200,366,343,343,143,200,0.41690962099125367,0.453551912568306,23,0.06284153005464477,1,200.0,200,200,0,1,0,122,166,200,0.691328,0.220601
trend.csv:A1:cq=2,trend.csv,internal,A1,fixed_linear,2.0,1e-06,200,498,406,406,206,200,0.5073891625615764,0.5983935742971888,92,0.18473895582329314,4,50.0,8,64,0,4,0,122,298,200,0.75193,0.241615
trend.csv:A2:cq=2,trend.csv,internal,A2,fixed_auto,2.0,1e-06,200,498,406,406,206,200,0.5073891625615764,0.5983935742971888,92,0.18473895582329314,4,50.0,8,64,0,4,0,122,298,200,1.340415,0.242435
trend.csv:A3:cq=2,trend.csv,internal,A3,adaptive_linear,2.0,1e-06,200,410,364,364,164,200,0.45054945054945056,0.5121951219512195,46,0.1121951219512195,2,100.0,72,128,0,2,0,122,210,200,4.72267,0.227612
trend.csv:A4:cq=2,trend.csv,internal,A4,adaptive_auto,2.0,1e-06,200,410,364,364,164,200,0.45054945054945056,0.5121951219512195,46,0.1121951219512195,2,100.0,72,128,0,2,0,122,210,200,5.026015,0.22714
trend.csv:A0:cq=4,trend.csv,internal,A0,whole_linear,4.0,1e-06,200,366,343,343,143,200,0.41690962099125367,0.453551912568306,23,0.06284153005464477,1,200.0,200,200,0,1,0,122,166,200,0.692814,0.218801
trend.csv:A1:cq=4,trend.csv,internal,A1,fixed_linear,4.0,1e-06,200,498,406,406,206,200,0.5073891625615764,0.5983935742971888,92,0.18473895582329314,4,50.0,8,64,0,4,0,122,298,200,0.750053,0.240039
trend.csv:A2:cq=4,trend.csv,internal,A2,fixed_auto,4.0,1e-06,200,498,406,406,206,200,0.5073891625615764,0.5983935742971888,92,0.18473895582329314,4,50.0,8,64,0,4,0,122,298,200,1.336177,0.243202
trend.csv:A3:cq=4,trend.csv,internal,A3,adaptive_linear,4.0,1e-06,200,410,364,364,164,200,0.45054945054945056,0.5121951219512195,46,0.1121951219512195,2,100.0,72,128,0,2,0,122,210,200,4.459392,0.226772
trend.csv:A4:cq=4,trend.csv,internal,A4,adaptive_auto,4.0,1e-06,200,410,364,364,164,200,0.45054945054945056,0.5121951219512195,46,0.1121951219512195,2,100.0,72,128,0,2,0,122,210,200,5.137105,0.237461
sine_noise.csv:A0:cq=0.0625,sine_noise.csv,internal,A0,whole_linear,0.0625,1e-06,300,466,443,443,143,300,0.3227990970654628,0.3562231759656652,23,0.04935622317596566,1,300.0,300,300,0,1,0,122,166,300,1.04048,0.338719
sine_noise.csv:A1:cq=0.0625,sine_noise.csv,internal,A1,fixed_linear,0.0625,1e-06,300,642,527,527,227,300,0.4307400379506641,0.5327102803738317,115,0.17912772585669778,5,60.0,44,64,0,5,0,122,342,300,1.093013,0.349759
sine_noise.csv:A2:cq=0.0625,sine_noise.csv,internal,A2,fixed_auto,0.0625,1e-06,300,642,519,519,219,300,0.42196531791907516,0.5327102803738317,123,0.19158878504672894,5,60.0,44,64,0,3,2,122,342,300,2.003009,0.3519
sine_noise.csv:A3:cq=0.0625,sine_noise.csv,internal,A3,adaptive_linear,0.0625,1e-06,300,686,548,548,248,300,0.45255474452554745,0.5626822157434402,138,0.2011661807580175,6,50.0,41,64,0,6,0,122,386,300,3.300875,0.358994
sine_noise.csv:A4:cq=0.0625,sine_noise.csv,internal,A4,adaptive_auto,0.0625,1e-06,300,686,532,532,232,300,0.43609022556390975,0.5626822157434402,154,0.22448979591836737,6,50.0,41,64,1,2,3,122,386,300,4.233901,0.359311
sine_noise.csv:A0:cq=0.125,sine_noise.csv,internal,A0,whole_linear,0.125,1e-06,300,466,443,443,143,300,0.3227990970654628,0.3562231759656652,23,0.04935622317596566,1,300.0,300,300,0,1,0,122,166,300,1.022296,0.341619
sine_noise.csv:A1:cq=0.125,sine_noise.csv,internal,A1,fixed_linear,0.125,1e-06,300,642,527,527,227,300,0.4307400379506641,0.5327102803738317,115,0.17912772585669778,5,60.0,44,64,0,5,0,122,342,300,1.103775,0.350696
sine_noise.csv:A2:cq=0.125,sine_noise.csv,internal,A2,fixed_auto,0.125,1e-06,300,642,511,511,211,300,0.41291585127201563,0.5327102803738317,131,0.2040498442367601,5,60.0,44,64,3,1,1,122,342,300,1.971135,0.339586
sine_noise.csv:A3:cq=0.125,sine_noise.csv,internal,A3,adaptive_linear,0.125,1e-06,300,686,548,548,248,300,0.45255474452554745,0.5626822157434402,138,0.2011661807580175,6,50.0,41,64,0,6,0,122,386,300,3.293949,0.360832
sine_noise.csv:A4:cq=0.125,sine_noise.csv,internal,A4,adaptive_auto,0.125,1e-06,300,686,536,536,236,300,0.44029850746268656,0.5626822157434402,150,0.21865889212827994,6,50.0,41,64,3,3,0,122,386,300,4.284826,0.352518
sine_noise.csv:A0:cq=0.25,sine_noise.csv,internal,A0,whole_linear,0.25,1e-06,300,466,443,443,143,300,0.3227990970654628,0.3562231759656652,23,0.04935622317596566,1,300.0,300,300,0,1,0,122,166,300,1.018448,0.345572
sine_noise.csv:A1:cq=0.25,sine_noise.csv,internal,A1,fixed_linear,0.25,1e-06,300,642,527,527,227,300,0.4307400379506641,0.5327102803738317,115,0.17912772585669778,5,60.0,44,64,0,5,0,122,342,300,1.099086,0.349726
sine_noise.csv:A2:cq=0.25,sine_noise.csv,internal,A2,fixed_auto,0.25,1e-06,300,642,519,519,219,300,0.42196531791907516,0.5327102803738317,123,0.19158878504672894,5,60.0,44,64,0,3,2,122,342,300,1.974461,0.34613
sine_noise.csv:A3:cq=0.25,sine_noise.csv,internal,A3,adaptive_linear,0.25,1e-06,300,686,548,548,248,300,0.45255474452554745,0.5626822157434402,138,0.2011661807580175,6,50.0,41,64,0,6,0,122,386,300,3.322371,0.354498
sine_noise.csv:A4:cq=0.25,sine_noise.csv,internal,A4,adaptive_auto,0.25,1e-06,300,686,532,532,232,300,0.43609022556390975,0.5626822157434402,154,0.22448979591836737,6,50.0,41,64,1,2,3,122,386,300,4.218522,0.36498
sine_noise.csv:A0:cq=0.5,sine_noise.csv,internal,A0,whole_linear,0.5,1e-06,300,466,443,443,143,300,0.3227990970654628,0.3562231759656652,23,0.04935622317596566,1,300.0,300,300,0,1,0,122,166,300,1.016294,0.335867
sine_noise.csv:A1:cq=0.5,sine_noise.csv,internal,A1,fixed_linear,0.5,1e-06,300,642,527,527,227,300,0.4307400379506641,0.5327102803738317,115,0.17912772585669778,5,60.0,44,64,0,5,0,122,342,300,1.091452,0.346759
sine_noise.csv:A2:cq=0.5,sine_noise.csv,internal,A2,fixed_auto,0.5,1e-06,300,642,519,519,219,300,0.42196531791907516,0.5327102803738317,123,0.19158878504672894,5,60.0,44,64,1,3,1,122,342,300,1.972247,0.345911
sine_noise.csv:A3:cq=0.5,sine_noise.csv,internal,A3,adaptive_linear,0.5,1e-06,300,686,548,548,248,300,0.45255474452554745,0.5626822157434402,138,0.2011661807580175,6,50.0,41,64,0,6,0,122,386,300,3.291572,0.351716
sine_noise.csv:A4:cq=0.5,sine_noise.csv,internal,A4,adaptive_auto,0.5,1e-06,300,686,532,532,232,300,0.43609022556390975,0.5626822157434402,154,0.22448979591836737,6,50.0,41,64,1,2,3,122,386,300,4.315054,0.350984
sine_noise.csv:A0:cq=1,sine_noise.csv,internal,A0,whole_linear,1.0,1e-06,300,466,443,443,143,300,0.3227990970654628,0.3562231759656652,23,0.04935622317596566,1,300.0,300,300,0,1,0,122,166,300,1.006948,0.335208
sine_noise.csv:A1:cq=1,sine_noise.csv,internal,A1,fixed_linear,1.0,1e-06,300,642,527,527,227,300,0.4307400379506641,0.5327102803738317,115,0.17912772585669778,5,60.0,44,64,0,5,0,122,342,300,1.078634,0.352359
sine_noise.csv:A2:cq=1,sine_noise.csv,internal,A2,fixed_auto,1.0,1e-06,300,642,511,511,211,300,0.41291585127201563,0.5327102803738317,131,0.2040498442367601,5,60.0,44,64,2,1,2,122,342,300,1.94746,0.339972
sine_noise.csv:A3:cq=1,sine_noise.csv,internal,A3,adaptive_linear,1.0,1e-06,300,686,548,548,248,300,0.45255474452554745,0.5626822157434402,138,0.2011661807580175,6,50.0,41,64,0,6,0,122,386,300,3.295248,0.353874
sine_noise.csv:A4:cq=1,sine_noise.csv,internal,A4,adaptive_auto,1.0,1e-06,300,686,536,536,236,300,0.44029850746268656,0.5626822157434402,150,0.21865889212827994,6,50.0,41,64,2,3,1,122,386,300,4.1706,0.350936
sine_noise.csv:A0:cq=2,sine_noise.csv,internal,A0,whole_linear,2.0,1e-06,300,466,443,443,143,300,0.3227990970654628,0.3562231759656652,23,0.04935622317596566,1,300.0,300,300,0,1,0,122,166,300,1.007945,0.334471
sine_noise.csv:A1:cq=2,sine_noise.csv,internal,A1,fixed_linear,2.0,1e-06,300,642,527,527,227,300,0.4307400379506641,0.5327102803738317,115,0.17912772585669778,5,60.0,44,64,0,5,0,122,342,300,1.078238,0.346059
sine_noise.csv:A2:cq=2,sine_noise.csv,internal,A2,fixed_auto,2.0,1e-06,300,642,519,519,219,300,0.42196531791907516,0.5327102803738317,123,0.19158878504672894,5,60.0,44,64,0,3,2,122,342,300,1.964514,0.349128
sine_noise.csv:A3:cq=2,sine_noise.csv,internal,A3,adaptive_linear,2.0,1e-06,300,686,548,548,248,300,0.45255474452554745,0.5626822157434402,138,0.2011661807580175,6,50.0,41,64,0,6,0,122,386,300,3.289653,0.353939
sine_noise.csv:A4:cq=2,sine_noise.csv,internal,A4,adaptive_auto,2.0,1e-06,300,686,532,532,232,300,0.43609022556390975,0.5626822157434402,154,0.22448979591836737,6,50.0,41,64,0,2,4,122,386,300,4.180684,0.353889
sine_noise.csv:A0:cq=4,sine_noise.csv,internal,A0,whole_linear,4.0,1e-06,300,466,443,443,143,300,0.3227990970654628,0.3562231759656652,23,0.04935622317596566,1,300.0,300,300,0,1,0,122,166,300,1.019099,0.326086
sine_noise.csv:A1:cq=4,sine_noise.csv,internal,A1,fixed_linear,4.0,1e-06,300,642,527,527,227,300,0.4307400379506641,0.5327102803738317,115,0.17912772585669778,5,60.0,44,64,0,5,0,122,342,300,1.076341,0.340004
sine_noise.csv:A2:cq=4,sine_noise.csv,internal,A2,fixed_auto,4.0,1e-06,300,642,527,527,227,300,0.4307400379506641,0.5327102803738317,115,0.17912772585669778,5,60.0,44,64,0,5,0,122,342,300,1.938627,0.338453
sine_noise.csv:A3:cq=4,sine_noise.csv,internal,A3,adaptive_linear,4.0,1e-06,300,686,548,548,248,300,0.45255474452554745,0.5626822157434402,138,0.2011661807580175,6,50.0,41,64,0,6,0,122,386,300,3.278073,0.347503
sine_noise.csv:A4:cq=4,sine_noise.csv,internal,A4,adaptive_auto,4.0,1e-06,300,686,544,544,244,300,0.4485294117647059,0.5626822157434402,142,0.20699708454810495,6,50.0,41,64,0,5,1,122,386,300,4.18274,0.35018
flat_spike.csv:A0:cq=0.0625,flat_spike.csv,internal,A0,whole_linear,0.0625,1e-06,300,467,444,444,143,301,0.32207207207207206,0.3554603854389722,23,0.04925053533190582,1,300.0,300,300,0,1,0,122,166,301,1.031515,0.3364
flat_spike.csv:A1:cq=0.0625,flat_spike.csv,internal,A1,fixed_linear,0.0625,1e-06,300,642,527,527,227,300,0.4307400379506641,0.5327102803738317,115,0.17912772585669778,5,60.0,44,64,0,5,0,122,342,300,1.102366,0.35137
flat_spike.csv:A2:cq=0.0625,flat_spike.csv,internal,A2,fixed_auto,0.0625,1e-06,300,642,511,511,211,300,0.41291585127201563,0.5327102803738317,131,0.2040498442367601,5,60.0,44,64,4,1,0,122,342,300,2.07015,0.361313
flat_spike.csv:A3:cq=0.0625,flat_spike.csv,internal,A3,adaptive_linear,0.0625,1e-06,300,598,506,506,206,300,0.40711462450592883,0.4983277591973244,92,0.15384615384615385,4,75.0,32,128,0,4,0,122,298,300,6.410643,0.348387
flat_spike.csv:A4:cq=0.0625,flat_spike.csv,internal,A4,adaptive_auto,0.0625,1e-06,300,598,506,506,206,300,0.40711462450592883,0.4983277591973244,92,0.15384615384615385,4,75.0,32,128,0,4,0,122,298,300,7.29742,0.352171
flat_spike.csv:A0:cq=0.125,flat_spike.csv,internal,A0,whole_linear,0.125,1e-06,300,466,443,443,143,300,0.3227990970654628,0.3562231759656652,23,0.04935622317596566,1,300.0,300,300,0,1,0,122,166,300,1.873231,0.341017
flat_spike.csv:A1:cq=0.125,flat_spike.csv,internal,A1,fixed_linear,0.125,1e-06,300,642,527,527,227,300,0.4307400379506641,0.5327102803738317,115,0.17912772585669778,5,60.0,44,64,0,5,0,122,342,300,1.102763,0.352665
flat_spike.csv:A2:cq=0.125,flat_spike.csv,internal,A2,fixed_auto,0.125,1e-06,300,642,515,515,215,300,0.4174757281553398,0.5327102803738317,127,0.19781931464174451,5,60.0,44,64,2,2,1,122,342,300,1.989908,0.36256
flat_spike.csv:A3:cq=0.125,flat_spike.csv,internal,A3,adaptive_linear,0.125,1e-06,300,598,506,506,206,300,0.40711462450592883,0.4983277591973244,92,0.15384615384615385,4,75.0,32,128,0,4,0,122,298,300,6.413728,0.348483
flat_spike.csv:A4:cq=0.125,flat_spike.csv,internal,A4,adaptive_auto,0.125,1e-06,300,598,498,498,198,300,0.39759036144578314,0.4983277591973244,100,0.16722408026755853,4,75.0,32,128,2,2,0,122,298,300,7.308283,0.350588
flat_spike.csv:A0:cq=0.25,flat_spike.csv,internal,A0,whole_linear,0.25,1e-06,300,466,443,443,143,300,0.3227990970654628,0.3562231759656652,23,0.04935622317596566,1,300.0,300,300,0,1,0,122,166,300,1.008619,0.342905
flat_spike.csv:A1:cq=0.25,flat_spike.csv,internal,A1,fixed_linear,0.25,1e-06,300,642,527,527,227,300,0.4307400379506641,0.5327102803738317,115,0.17912772585669778,5,60.0,44,64,0,5,0,122,342,300,1.098954,0.348755
flat_spike.csv:A2:cq=0.25,flat_spike.csv,internal,A2,fixed_auto,0.25,1e-06,300,642,511,511,211,300,0.41291585127201563,0.5327102803738317,131,0.2040498442367601,5,60.0,44,64,4,1,0,122,342,300,1.964079,0.334999
flat_spike.csv:A3:cq=0.25,flat_spike.csv,internal,A3,adaptive_linear,0.25,1e-06,300,598,506,506,206,300,0.40711462450592883,0.4983277591973244,92,0.15384615384615385,4,75.0,32,128,0,4,0,122,298,300,6.434409,0.345495
flat_spike.csv:A4:cq=0.25,flat_spike.csv,internal,A4,adaptive_auto,0.25,1e-06,300,598,498,498,198,300,0.39759036144578314,0.4983277591973244,100,0.16722408026755853,4,75.0,32,128,2,2,0,122,298,300,7.272574,0.333064
flat_spike.csv:A0:cq=0.5,flat_spike.csv,internal,A0,whole_linear,0.5,1e-06,300,466,443,443,143,300,0.3227990970654628,0.3562231759656652,23,0.04935622317596566,1,300.0,300,300,0,1,0,122,166,300,1.011323,0.335913
flat_spike.csv:A1:cq=0.5,flat_spike.csv,internal,A1,fixed_linear,0.5,1e-06,300,642,527,527,227,300,0.4307400379506641,0.5327102803738317,115,0.17912772585669778,5,60.0,44,64,0,5,0,122,342,300,1.088683,0.343303
flat_spike.csv:A2:cq=0.5,flat_spike.csv,internal,A2,fixed_auto,0.5,1e-06,300,642,507,507,207,300,0.40828402366863903,0.5327102803738317,135,0.21028037383177567,5,60.0,44,64,5,0,0,122,342,300,2.017045,0.347416
flat_spike.csv:A3:cq=0.5,flat_spike.csv,internal,A3,adaptive_linear,0.5,1e-06,300,598,506,506,206,300,0.40711462450592883,0.4983277591973244,92,0.15384615384615385,4,75.0,32,128,0,4,0,122,298,300,6.425053,0.33944
flat_spike.csv:A4:cq=0.5,flat_spike.csv,internal,A4,adaptive_auto,0.5,1e-06,300,598,498,498,198,300,0.39759036144578314,0.4983277591973244,100,0.16722408026755853,4,75.0,32,128,1,2,1,122,298,300,7.254186,0.340688
flat_spike.csv:A0:cq=1,flat_spike.csv,internal,A0,whole_linear,1.0,1e-06,300,466,443,443,143,300,0.3227990970654628,0.3562231759656652,23,0.04935622317596566,1,300.0,300,300,0,1,0,122,166,300,1.006885,0.330541
flat_spike.csv:A1:cq=1,flat_spike.csv,internal,A1,fixed_linear,1.0,1e-06,300,642,527,527,227,300,0.4307400379506641,0.5327102803738317,115,0.17912772585669778,5,60.0,44,64,0,5,0,122,342,300,1.088703,0.346684
flat_spike.csv:A2:cq=1,flat_spike.csv,internal,A2,fixed_auto,1.0,1e-06,300,642,519,519,219,300,0.42196531791907516,0.5327102803738317,123,0.19158878504672894,5,60.0,44,64,2,3,0,122,342,300,2.032614,0.358991
flat_spike.csv:A3:cq=1,flat_spike.csv,internal,A3,adaptive_linear,1.0,1e-06,300,598,506,506,206,300,0.40711462450592883,0.4983277591973244,92,0.15384615384615385,4,75.0,32,128,0,4,0,122,298,300,6.431988,0.341902
flat_spike.csv:A4:cq=1,flat_spike.csv,internal,A4,adaptive_auto,1.0,1e-06,300,598,502,502,202,300,0.40239043824701193,0.4983277591973244,96,0.1605351170568562,4,75.0,32,128,1,3,0,122,298,300,7.267849,0.345219
flat_spike.csv:A0:cq=2,flat_spike.csv,internal,A0,whole_linear,2.0,1e-06,300,466,443,443,143,300,0.3227990970654628,0.3562231759656652,23,0.04935622317596566,1,300.0,300,300,0,1,0,122,166,300,1.003896,0.330555
flat_spike.csv:A1:cq=2,flat_spike.csv,internal,A1,fixed_linear,2.0,1e-06,300,642,527,527,227,300,0.4307400379506641,0.5327102803738317,115,0.17912772585669778,5,60.0,44,64,0,5,0,122,342,300,1.09332,0.343318
flat_spike.csv:A2:cq=2,flat_spike.csv,internal,A2,fixed_auto,2.0,1e-06,300,642,523,523,223,300,0.42638623326959846,0.5327102803738317,119,0.18535825545171336,5,60.0,44,64,1,4,0,122,342,300,1.983535,0.342519
flat_spike.csv:A3:cq=2,flat_spike.csv,internal,A3,adaptive_linear,2.0,1e-06,300,598,506,506,206,300,0.40711462450592883,0.4983277591973244,92,0.15384615384615385,4,75.0,32,128,0,4,0,122,298,300,6.409592,0.393966
flat_spike.csv:A4:cq=2,flat_spike.csv,internal,A4,adaptive_auto,2.0,1e-06,300,598,502,502,202,300,0.40239043824701193,0.4983277591973244,96,0.1605351170568562,4,75.0,32,128,0,3,1,122,298,300,7.309644,0.349309
flat_spike.csv:A0:cq=4,flat_spike.csv,internal,A0,whole_linear,4.0,1e-06,300,466,443,443,143,300,0.3227990970654628,0.3562231759656652,23,0.04935622317596566,1,300.0,300,300,0,1,0,122,166,300,1.012278,0.333511
flat_spike.csv:A1:cq=4,flat_spike.csv,internal,A1,fixed_linear,4.0,1e-06,300,642,527,527,227,300,0.4307400379506641,0.5327102803738317,115,0.17912772585669778,5,60.0,44,64,0,5,0,122,342,300,1.07693,0.33788
flat_spike.csv:A2:cq=4,flat_spike.csv,internal,A2,fixed_auto,4.0,1e-06,300,642,507,507,207,300,0.40828402366863903,0.5327102803738317,135,0.21028037383177567,5,60.0,44,64,4,0,1,122,342,300,2.009773,0.342634
flat_spike.csv:A3:cq=4,flat_spike.csv,internal,A3,adaptive_linear,4.0,1e-06,300,598,506,506,206,300,0.40711462450592883,0.4983277591973244,92,0.15384615384615385,4,75.0,32,128,0,4,0,122,298,300,6.43473,0.338597
flat_spike.csv:A4:cq=4,flat_spike.csv,internal,A4,adaptive_auto,4.0,1e-06,300,598,502,502,202,300,0.40239043824701193,0.4983277591973244,96,0.1605351170568562,4,75.0,32,128,0,3,1,122,298,300,7.303554,0.340467
appliances-energy.csv:A0:cq=0.0625,appliances-energy.csv,external,A0,whole_linear,0.0625,1e-06,19735,20189,20166,20166,143,20023,0.007091143508876327,0.008222299271880727,23,0.0011392342364654473,1,19735.0,19735,19735,0,1,0,122,166,20023,62.555212,21.277513
appliances-energy.csv:A1:cq=0.0625,appliances-energy.csv,external,A1,fixed_linear,0.0625,1e-06,19735,33653,26546,26546,6611,19935,0.24903940329993218,0.40763082043205656,7107,0.21118473835913587,309,63.86731391585761,23,64,0,309,0,122,13718,19935,66.182119,20.709972
appliances-energy.csv:A2:cq=0.0625,appliances-energy.csv,external,A2,fixed_auto,0.0625,1e-06,19735,33655,26048,26048,6111,19937,0.23460534398034397,0.40760659634526814,7607,0.22602882186896445,309,63.86731391585761,23,64,85,184,40,122,13718,19937,125.508867,20.640701
appliances-energy.csv:A3:cq=0.0625,appliances-energy.csv,external,A3,adaptive_linear,0.0625,1e-06,19735,47100,32909,32909,13079,19830,0.39742927466650463,0.5789808917197452,14191,0.30129511677282383,617,31.985413290113453,23,32,0,617,0,122,27270,19830,80.461338,22.63464
appliances-energy.csv:A4:cq=0.0625,appliances-energy.csv,external,A4,adaptive_auto,0.0625,1e-06,19735,47100,31717,31717,11887,19830,0.37478323927231455,0.5789808917197452,15383,0.3266029723991507,617,31.985413290113453,23,32,165,319,133,122,27270,19830,144.740001,22.53973
appliances-energy.csv:A0:cq=0.125,appliances-energy.csv,external,A0,whole_linear,0.125,1e-06,19735,19903,19880,19880,143,19737,0.007193158953722334,0.008340451188263076,23,0.0011556046827111421,1,19735.0,19735,19735,0,1,0,122,166,19737,62.175245,20.787216
appliances-energy.csv:A1:cq=0.125,appliances-energy.csv,external,A1,fixed_linear,0.125,1e-06,19735,33453,26346,26346,6611,19735,0.2509299324375617,0.41006785639554,7107,0.2124473141422294,309,63.86731391585761,23,64,0,309,0,122,13718,19735,66.343891,20.538616
appliances-energy.csv:A2:cq=0.125,appliances-energy.csv,external,A2,fixed_auto,0.125,1e-06,19735,33453,25842,25842,6107,19735,0.2363207182106648,0.41006785639554,7611,0.22751322751322756,309,63.86731391585761,23,64,77,183,49,122,13718,19735,124.827546,20.442031
appliances-energy.csv:A3:cq=0.125,appliances-energy.csv,external,A3,adaptive_linear,0.125,1e-06,19735,47005,32814,32814,13079,19735,0.39857987444383497,0.5801510477608764,14191,0.3019040527603446,617,31.985413290113453,23,32,0,617,0,122,27270,19735,80.995863,22.340032
appliances-energy.csv:A4:cq=0.125,appliances-energy.csv,external,A4,adaptive_auto,0.125,1e-06,19735,47005,31534,31534,11799,19735,0.37416756516775546,0.5801510477608764,15471,0.32913519838315075,617,31.985413290113453,23,32,180,297,140,122,27270,19735,142.794484,22.610487
appliances-energy.csv:A0:cq=0.25,appliances-energy.csv,external,A0,whole_linear,0.25,1e-06,19735,19901,19878,19878,143,19735,0.007193882684374686,0.008341289382443093,23,0.0011557208180493772,1,19735.0,19735,19735,0,1,0,122,166,19735,62.775752,21.236554
appliances-energy.csv:A1:cq=0.25,appliances-energy.csv,external,A1,fixed_linear,0.25,1e-06,19735,33453,26346,26346,6611,19735,0.2509299324375617,0.41006785639554,7107,0.2124473141422294,309,63.86731391585761,23,64,0,309,0,122,13718,19735,65.463118,20.617257
appliances-energy.csv:A2:cq=0.25,appliances-energy.csv,external,A2,fixed_auto,0.25,1e-06,19735,33453,25862,25862,6127,19735,0.23691129843012915,0.41006785639554,7591,0.22691537380802917,309,63.86731391585761,23,64,86,188,35,122,13718,19735,166.520078,24.172713
appliances-energy.csv:A3:cq=0.25,appliances-energy.csv,external,A3,adaptive_linear,0.25,1e-06,19735,47005,32814,32814,13079,19735,0.39857987444383497,0.5801510477608764,14191,0.3019040527603446,617,31.985413290113453,23,32,0,617,0,122,27270,19735,80.252061,33.183081
appliances-energy.csv:A4:cq=0.25,appliances-energy.csv,external,A4,adaptive_auto,0.25,1e-06,19735,47005,31698,31698,11963,19735,0.3774055145435043,0.5801510477608764,15307,0.3256462078502287,617,31.985413290113453,23,32,169,338,110,122,27270,19735,178.094974,27.355149
appliances-energy.csv:A0:cq=0.5,appliances-energy.csv,external,A0,whole_linear,0.5,1e-06,19735,19901,19878,19878,143,19735,0.007193882684374686,0.008341289382443093,23,0.0011557208180493772,1,19735.0,19735,19735,0,1,0,122,166,19735,65.230489,22.007798
appliances-energy.csv:A1:cq=0.5,appliances-energy.csv,external,A1,fixed_linear,0.5,1e-06,19735,33453,26346,26346,6611,19735,0.2509299324375617,0.41006785639554,7107,0.2124473141422294,309,63.86731391585761,23,64,0,309,0,122,13718,19735,66.013532,20.364538
appliances-energy.csv:A2:cq=0.5,appliances-energy.csv,external,A2,fixed_auto,0.5,1e-06,19735,33453,25886,25886,6151,19735,0.2376187900795797,0.41006785639554,7567,0.22619794936179116,309,63.86731391585761,23,64,87,194,28,122,13718,19735,122.995129,20.077845
appliances-energy.csv:A3:cq=0.5,appliances-energy.csv,external,A3,adaptive_linear,0.5,1e-06,19735,47005,32814,32814,13079,19735,0.39857987444383497,0.5801510477608764,14191,0.3019040527603446,617,31.985413290113453,23,32,0,617,0,122,27270,19735,79.655676,22.22189
appliances-energy.csv:A4:cq=0.5,appliances-energy.csv,external,A4,adaptive_auto,0.5,1e-06,19735,47005,31638,31638,11903,19735,0.37622479297047856,0.5801510477608764,15367,0.32692266780129775,617,31.985413290113453,23,32,174,323,120,122,27270,19735,141.303083,21.972998
appliances-energy.csv:A0:cq=1,appliances-energy.csv,external,A0,whole_linear,1.0,1e-06,19735,19901,19878,19878,143,19735,0.007193882684374686,0.008341289382443093,23,0.0011557208180493772,1,19735.0,19735,19735,0,1,0,122,166,19735,61.970642,20.782793
appliances-energy.csv:A1:cq=1,appliances-energy.csv,external,A1,fixed_linear,1.0,1e-06,19735,33453,26346,26346,6611,19735,0.2509299324375617,0.41006785639554,7107,0.2124473141422294,309,63.86731391585761,23,64,0,309,0,122,13718,19735,66.553677,20.364317
appliances-energy.csv:A2:cq=1,appliances-energy.csv,external,A2,fixed_auto,1.0,1e-06,19735,33453,25962,25962,6227,19735,0.23985055080502274,0.41006785639554,7491,0.2239261052820375,309,63.86731391585761,23,64,50,213,46,122,13718,19735,122.3624,20.28124
appliances-energy.csv:A3:cq=1,appliances-energy.csv,external,A3,adaptive_linear,1.0,1e-06,19735,47005,32814,32814,13079,19735,0.39857987444383497,0.5801510477608764,14191,0.3019040527603446,617,31.985413290113453,23,32,0,617,0,122,27270,19735,79.958081,22.155984
appliances-energy.csv:A4:cq=1,appliances-energy.csv,external,A4,adaptive_auto,1.0,1e-06,19735,47005,31546,31546,11811,19735,0.374405629873835,0.5801510477608764,15459,0.32887990639293696,617,31.985413290113453,23,32,137,300,180,122,27270,19735,141.232882,22.017631
appliances-energy.csv:A0:cq=2,appliances-energy.csv,external,A0,whole_linear,2.0,1e-06,19735,19901,19878,19878,143,19735,0.007193882684374686,0.008341289382443093,23,0.0011557208180493772,1,19735.0,19735,19735,0,1,0,122,166,19735,61.266703,20.750199
appliances-energy.csv:A1:cq=2,appliances-energy.csv,external,A1,fixed_linear,2.0,1e-06,19735,33453,26346,26346,6611,19735,0.2509299324375617,0.41006785639554,7107,0.2124473141422294,309,63.86731391585761,23,64,0,309,0,122,13718,19735,64.983739,20.090343
appliances-energy.csv:A2:cq=2,appliances-energy.csv,external,A2,fixed_auto,2.0,1e-06,19735,33453,25810,25810,6075,19735,0.23537388609066254,0.41006785639554,7643,0.22846979344154483,309,63.86731391585761,23,64,88,175,46,122,13718,19735,122.141345,20.001495
appliances-energy.csv:A3:cq=2,appliances-energy.csv,external,A3,adaptive_linear,2.0,1e-06,19735,47005,32814,32814,13079,19735,0.39857987444383497,0.5801510477608764,14191,0.3019040527603446,617,31.985413290113453,23,32,0,617,0,122,27270,19735,79.338632,22.318564
appliances-energy.csv:A4:cq=2,appliances-energy.csv,external,A4,adaptive_auto,2.0,1e-06,19735,47005,31794,31794,12059,19735,0.3792853997609612,0.5801510477608764,15211,0.32360387192851825,617,31.985413290113453,23,32,161,362,94,122,27270,19735,149.616905,21.793398
appliances-energy.csv:A0:cq=4,appliances-energy.csv,external,A0,whole_linear,4.0,1e-06,19735,19901,19878,19878,143,19735,0.007193882684374686,0.008341289382443093,23,0.0011557208180493772,1,19735.0,19735,19735,0,1,0,122,166,19735,61.392491,20.777621
appliances-energy.csv:A1:cq=4,appliances-energy.csv,external,A1,fixed_linear,4.0,1e-06,19735,33453,26346,26346,6611,19735,0.2509299324375617,0.41006785639554,7107,0.2124473141422294,309,63.86731391585761,23,64,0,309,0,122,13718,19735,65.999099,19.936333
appliances-energy.csv:A2:cq=4,appliances-energy.csv,external,A2,fixed_auto,4.0,1e-06,19735,33453,25982,25982,6247,19735,0.240435686244323,0.41006785639554,7471,0.2233282515768391,309,63.86731391585761,23,64,74,218,17,122,13718,19735,121.398131,20.056672
appliances-energy.csv:A3:cq=4,appliances-energy.csv,external,A3,adaptive_linear,4.0,1e-06,19735,47005,32814,32814,13079,19735,0.39857987444383497,0.5801510477608764,14191,0.3019040527603446,617,31.985413290113453,23,32,0,617,0,122,27270,19735,79.324569,32.949634
appliances-energy.csv:A4:cq=4,appliances-energy.csv,external,A4,adaptive_auto,4.0,1e-06,19735,47005,32010,32010,12275,19735,0.38347391440174944,0.5801510477608764,14995,0.3190086161046697,617,31.985413290113453,23,32,133,416,68,122,27270,19735,178.265241,27.232243
metro-traffic.csv:A0:cq=0.0625,metro-traffic.csv,external,A0,whole_linear,0.0625,1e-06,48204,48370,48347,48347,143,48204,0.0029577843506318905,0.0034318792640066157,23,0.0004755013438081379,1,48204.0,48204,48204,0,1,0,122,166,48204,184.111658,60.706189
metro-traffic.csv:A1:cq=0.0625,metro-traffic.csv,external,A1,fixed_linear,0.0625,1e-06,48204,81502,64160,64160,15956,48204,0.24869077306733167,0.4085543913032809,17342,0.21278005447719073,754,63.93103448275862,12,64,0,754,0,122,33298,48204,193.148435,58.026391
metro-traffic.csv:A2:cq=0.0625,metro-traffic.csv,external,A2,fixed_auto,0.0625,1e-06,48204,81565,62727,62727,14460,48267,0.23052274140322349,0.40823882792864585,18838,0.23095690553546255,754,63.93103448275862,12,64,216,380,158,122,33298,48267,360.044518,52.222742
metro-traffic.csv:A3:cq=0.0625,metro-traffic.csv,external,A3,adaptive_linear,0.0625,1e-06,48204,114634,79973,79973,31769,48204,0.3972465707176172,0.5794964844635971,34661,0.3023623008880437,1507,31.986728599867288,12,32,0,1507,0,122,66430,48204,201.695585,56.828534
metro-traffic.csv:A4:cq=0.0625,metro-traffic.csv,external,A4,adaptive_auto,0.0625,1e-06,48204,114675,76662,76662,28417,48245,0.37067908481385825,0.5792892958360584,38013,0.33148463047743626,1507,31.986728599867288,12,32,350,669,488,122,66430,48245,367.015969,54.708279
metro-traffic.csv:A0:cq=0.125,metro-traffic.csv,external,A0,whole_linear,0.125,1e-06,48204,48370,48347,48347,143,48204,0.0029577843506318905,0.0034318792640066157,23,0.0004755013438081379,1,48204.0,48204,48204,0,1,0,122,166,48204,165.593647,85.206114
metro-traffic.csv:A1:cq=0.125,metro-traffic.csv,external,A1,fixed_linear,0.125,1e-06,48204,81502,64160,64160,15956,48204,0.24869077306733167,0.4085543913032809,17342,0.21278005447719073,754,63.93103448275862,12,64,0,754,0,122,33298,48204,253.824402,134.878727
metro-traffic.csv:A2:cq=0.125,metro-traffic.csv,external,A2,fixed_auto,0.125,1e-06,48204,81502,62604,62604,14400,48204,0.23001725129384704,0.4085543913032809,18898,0.2318716105126255,754,63.93103448275862,12,64,239,365,150,122,33298,48204,349.227252,51.752996
metro-traffic.csv:A3:cq=0.125,metro-traffic.csv,external,A3,adaptive_linear,0.125,1e-06,48204,114634,79973,79973,31769,48204,0.3972465707176172,0.5794964844635971,34661,0.3023623008880437,1507,31.986728599867288,12,32,0,1507,0,122,66430,48204,247.01322,60.186775
metro-traffic.csv:A4:cq=0.125,metro-traffic.csv,external,A4,adaptive_auto,0.125,1e-06,48204,114634,76569,76569,28365,48204,0.3704501821886142,0.5794964844635971,38065,0.33205680688103,1507,31.986728599867288,12,32,329,656,522,122,66430,48204,352.304614,55.671604
metro-traffic.csv:A0:cq=0.25,metro-traffic.csv,external,A0,whole_linear,0.25,1e-06,48204,48370,48347,48347,143,48204,0.0029577843506318905,0.0034318792640066157,23,0.0004755013438081379,1,48204.0,48204,48204,0,1,0,122,166,48204,155.907098,53.78501
metro-traffic.csv:A1:cq=0.25,metro-traffic.csv,external,A1,fixed_linear,0.25,1e-06,48204,81502,64160,64160,15956,48204,0.24869077306733167,0.4085543913032809,17342,0.21278005447719073,754,63.93103448275862,12,64,0,754,0,122,33298,48204,164.341019,51.279682
metro-traffic.csv:A2:cq=0.25,metro-traffic.csv,external,A2,fixed_auto,0.25,1e-06,48204,81502,62500,62500,14296,48204,0.228736,0.4085543913032809,19002,0.23314765281833572,754,63.93103448275862,12,64,244,339,171,122,33298,48204,320.716046,62.385611
metro-traffic.csv:A3:cq=0.25,metro-traffic.csv,external,A3,adaptive_linear,0.25,1e-06,48204,114634,79973,79973,31769,48204,0.3972465707176172,0.5794964844635971,34661,0.3023623008880437,1507,31.986728599867288,12,32,0,1507,0,122,66430,48204,242.737738,81.172726
metro-traffic.csv:A4:cq=0.25,metro-traffic.csv,external,A4,adaptive_auto,0.25,1e-06,48204,114634,76517,76517,28313,48204,0.3700223479749598,0.5794964844635971,38117,0.332510424481393,1507,31.986728599867288,12,32,354,643,510,122,66430,48204,409.036253,54.018015
metro-traffic.csv:A0:cq=0.5,metro-traffic.csv,external,A0,whole_linear,0.5,1e-06,48204,48370,48347,48347,143,48204,0.0029577843506318905,0.0034318792640066157,23,0.0004755013438081379,1,48204.0,48204,48204,0,1,0,122,166,48204,173.414555,54.804549
metro-traffic.csv:A1:cq=0.5,metro-traffic.csv,external,A1,fixed_linear,0.5,1e-06,48204,81502,64160,64160,15956,48204,0.24869077306733167,0.4085543913032809,17342,0.21278005447719073,754,63.93103448275862,12,64,0,754,0,122,33298,48204,189.753396,51.344666
metro-traffic.csv:A2:cq=0.5,metro-traffic.csv,external,A2,fixed_auto,0.5,1e-06,48204,81502,62436,62436,14232,48204,0.22794541610609265,0.4085543913032809,19066,0.23393290962184976,754,63.93103448275862,12,64,257,323,174,122,33298,48204,307.718098,49.571573
metro-traffic.csv:A3:cq=0.5,metro-traffic.csv,external,A3,adaptive_linear,0.5,1e-06,48204,114634,79973,79973,31769,48204,0.3972465707176172,0.5794964844635971,34661,0.3023623008880437,1507,31.986728599867288,12,32,0,1507,0,122,66430,48204,198.137498,54.253705
metro-traffic.csv:A4:cq=0.5,metro-traffic.csv,external,A4,adaptive_auto,0.5,1e-06,48204,114634,76409,76409,28205,48204,0.36913190854480493,0.5794964844635971,38225,0.33345255334368507,1507,31.986728599867288,12,32,356,616,535,122,66430,48204,346.519483,54.197472
metro-traffic.csv:A0:cq=1,metro-traffic.csv,external,A0,whole_linear,1.0,1e-06,48204,48370,48347,48347,143,48204,0.0029577843506318905,0.0034318792640066157,23,0.0004755013438081379,1,48204.0,48204,48204,0,1,0,122,166,48204,155.503097,52.478395
metro-traffic.csv:A1:cq=1,metro-traffic.csv,external,A1,fixed_linear,1.0,1e-06,48204,81502,64160,64160,15956,48204,0.24869077306733167,0.4085543913032809,17342,0.21278005447719073,754,63.93103448275862,12,64,0,754,0,122,33298,48204,160.927222,50.642105
metro-traffic.csv:A2:cq=1,metro-traffic.csv,external,A2,fixed_auto,1.0,1e-06,48204,81502,62812,62812,14608,48204,0.2325670254091575,0.4085543913032809,18690,0.22931952590120486,754,63.93103448275862,12,64,170,417,167,122,33298,48204,300.168105,53.467308
metro-traffic.csv:A3:cq=1,metro-traffic.csv,external,A3,adaptive_linear,1.0,1e-06,48204,114634,79973,79973,31769,48204,0.3972465707176172,0.5794964844635971,34661,0.3023623008880437,1507,31.986728599867288,12,32,0,1507,0,122,66430,48204,195.534036,54.269632
metro-traffic.csv:A4:cq=1,metro-traffic.csv,external,A4,adaptive_auto,1.0,1e-06,48204,114634,76673,76673,28469,48204,0.3713041096605063,0.5794964844635971,37961,0.33114957168030423,1507,31.986728599867288,12,32,299,682,526,122,66430,48204,352.704101,54.744865
metro-traffic.csv:A0:cq=2,metro-traffic.csv,external,A0,whole_linear,2.0,1e-06,48204,48370,48347,48347,143,48204,0.0029577843506318905,0.0034318792640066157,23,0.0004755013438081379,1,48204.0,48204,48204,0,1,0,122,166,48204,169.406801,56.544179
metro-traffic.csv:A1:cq=2,metro-traffic.csv,external,A1,fixed_linear,2.0,1e-06,48204,81502,64160,64160,15956,48204,0.24869077306733167,0.4085543913032809,17342,0.21278005447719073,754,63.93103448275862,12,64,0,754,0,122,33298,48204,167.257173,54.468516
metro-traffic.csv:A2:cq=2,metro-traffic.csv,external,A2,fixed_auto,2.0,1e-06,48204,81502,62548,62548,14344,48204,0.22932787619108524,0.4085543913032809,18954,0.23255871021570018,754,63.93103448275862,12,64,170,351,233,122,33298,48204,302.496958,49.899487
metro-traffic.csv:A3:cq=2,metro-traffic.csv,external,A3,adaptive_linear,2.0,1e-06,48204,114634,79973,79973,31769,48204,0.3972465707176172,0.5794964844635971,34661,0.3023623008880437,1507,31.986728599867288,12,32,0,1507,0,122,66430,48204,196.982228,54.770207
metro-traffic.csv:A4:cq=2,metro-traffic.csv,external,A4,adaptive_auto,2.0,1e-06,48204,114634,76517,76517,28313,48204,0.3700223479749598,0.5794964844635971,38117,0.332510424481393,1507,31.986728599867288,12,32,189,643,675,122,66430,48204,350.729891,54.81943
metro-traffic.csv:A0:cq=4,metro-traffic.csv,external,A0,whole_linear,4.0,1e-06,48204,48370,48347,48347,143,48204,0.0029577843506318905,0.0034318792640066157,23,0.0004755013438081379,1,48204.0,48204,48204,0,1,0,122,166,48204,157.000532,53.087565
metro-traffic.csv:A1:cq=4,metro-traffic.csv,external,A1,fixed_linear,4.0,1e-06,48204,81502,64160,64160,15956,48204,0.24869077306733167,0.4085543913032809,17342,0.21278005447719073,754,63.93103448275862,12,64,0,754,0,122,33298,48204,160.098144,50.869929
metro-traffic.csv:A2:cq=4,metro-traffic.csv,external,A2,fixed_auto,4.0,1e-06,48204,81502,63740,63740,15536,48204,0.24374019454032006,0.4085543913032809,17762,0.21793330225025154,754,63.93103448275862,12,64,12,649,93,122,33298,48204,331.900837,50.390503
metro-traffic.csv:A3:cq=4,metro-traffic.csv,external,A3,adaptive_linear,4.0,1e-06,48204,114634,79973,79973,31769,48204,0.3972465707176172,0.5794964844635971,34661,0.3023623008880437,1507,31.986728599867288,12,32,0,1507,0,122,66430,48204,211.994301,64.710012
metro-traffic.csv:A4:cq=4,metro-traffic.csv,external,A4,adaptive_auto,4.0,1e-06,48204,114634,78541,78541,30337,48204,0.38625685947466926,0.5794964844635971,36093,0.31485423172880644,1507,31.986728599867288,12,32,25,1149,333,122,66430,48204,381.795889,61.730697
beijing-pm25.csv:A0:cq=0.0625,beijing-pm25.csv,external,A0,whole_linear,0.0625,1e-06,34139,34557,34534,34534,143,34391,0.004140846701801123,0.004803657724918251,23,0.0006655670341754183,1,34139.0,34139,34139,0,1,0,122,166,34391,129.685785,41.296698
beijing-pm25.csv:A1:cq=0.0625,beijing-pm25.csv,external,A1,fixed_linear,0.0625,1e-06,34139,57793,45511,45511,11336,34175,0.2490826393619125,0.4086654093056252,12282,0.2125170868444275,534,63.93071161048689,27,64,0,534,0,122,23618,34175,132.93006,40.964788
beijing-pm25.csv:A2:cq=0.0625,beijing-pm25.csv,external,A2,fixed_auto,0.0625,1e-06,34139,57820,44950,44950,10748,34202,0.23911012235817575,0.40847457627118644,12870,0.2225873400207541,534,63.93071161048689,27,64,76,387,71,122,23618,34202,232.713014,38.449739
beijing-pm25.csv:A3:cq=0.0625,beijing-pm25.csv,external,A3,adaptive_linear,0.0625,1e-06,34139,81240,56699,56699,22529,34170,0.39734386849856257,0.579394387001477,24541,0.30208025603151156,1067,31.995313964386128,27,32,0,1067,0,122,47070,34170,160.667401,39.766415
beijing-pm25.csv:A4:cq=0.0625,beijing-pm25.csv,external,A4,adaptive_auto,0.0625,1e-06,34139,81272,55367,55367,21165,34202,0.3822674156085755,0.5791662565213112,25905,0.31874446303770054,1067,31.995313964386128,27,32,159,726,182,122,47070,34202,279.156756,39.897628
beijing-pm25.csv:A0:cq=0.125,beijing-pm25.csv,external,A0,whole_linear,0.125,1e-06,34139,34306,34283,34283,143,34140,0.004171163550447744,0.004838803707806215,23,0.0006704366583104582,1,34139.0,34139,34139,0,1,0,122,166,34140,116.802707,38.726646
beijing-pm25.csv:A1:cq=0.125,beijing-pm25.csv,external,A1,fixed_linear,0.125,1e-06,34139,57757,45475,45475,11336,34139,0.24927982407916438,0.40892013089322504,12282,0.21264954897241894,534,63.93071161048689,27,64,0,534,0,122,23618,34139,117.18602,36.724198
beijing-pm25.csv:A2:cq=0.125,beijing-pm25.csv,external,A2,fixed_auto,0.125,1e-06,34139,57757,44943,44943,10804,34139,0.24039338717931602,0.40892013089322504,12814,0.22186055369911872,534,63.93071161048689,27,64,69,401,64,122,23618,34139,249.766019,87.618756
beijing-pm25.csv:A3:cq=0.125,beijing-pm25.csv,external,A3,adaptive_linear,0.125,1e-06,34139,81209,56668,56668,22529,34139,0.3975612338533211,0.5796155598517406,24541,0.3021955694565873,1067,31.995313964386128,27,32,0,1067,0,122,47070,34139,188.224451,50.625927
beijing-pm25.csv:A4:cq=0.125,beijing-pm25.csv,external,A4,adaptive_auto,0.125,1e-06,34139,81209,55384,55384,21245,34139,0.3835945399393327,0.5796155598517406,25825,0.3180066248814787,1067,31.995313964386128,27,32,144,746,177,122,47070,34139,255.411169,39.708043
beijing-pm25.csv:A0:cq=0.25,beijing-pm25.csv,external,A0,whole_linear,0.25,1e-06,34139,34305,34282,34282,143,34139,0.004171285222565778,0.004838944760239032,23,0.0006704562017199045,1,34139.0,34139,34139,0,1,0,122,166,34139,110.746917,36.96896
beijing-pm25.csv:A1:cq=0.25,beijing-pm25.csv,external,A1,fixed_linear,0.25,1e-06,34139,57757,45475,45475,11336,34139,0.24927982407916438,0.40892013089322504,12282,0.21264954897241894,534,63.93071161048689,27,64,0,534,0,122,23618,34139,115.805066,36.345754
beijing-pm25.csv:A2:cq=0.25,beijing-pm25.csv,external,A2,fixed_auto,0.25,1e-06,34139,57757,44895,44895,10756,34139,0.23958124512751977,0.40892013089322504,12862,0.22269162179476076,534,63.93071161048689,27,64,81,389,64,122,23618,34139,217.642611,35.912601
beijing-pm25.csv:A3:cq=0.25,beijing-pm25.csv,external,A3,adaptive_linear,0.25,1e-06,34139,81209,56668,56668,22529,34139,0.3975612338533211,0.5796155598517406,24541,0.3021955694565873,1067,31.995313964386128,27,32,0,1067,0,122,47070,34139,139.830048,38.658818
beijing-pm25.csv:A4:cq=0.25,beijing-pm25.csv,external,A4,adaptive_auto,0.25,1e-06,34139,81209,55404,55404,21265,34139,0.3838170529203668,0.5796155598517406,25805,0.31776034675959564,1067,31.995313964386128,27,32,144,751,172,122,47070,34139,250.33797,42.978634
beijing-pm25.csv:A0:cq=0.5,beijing-pm25.csv,external,A0,whole_linear,0.5,1e-06,34139,34305,34282,34282,143,34139,0.004171285222565778,0.004838944760239032,23,0.0006704562017199045,1,34139.0,34139,34139,0,1,0,122,166,34139,116.93224,37.188031
beijing-pm25.csv:A1:cq=0.5,beijing-pm25.csv,external,A1,fixed_linear,0.5,1e-06,34139,57757,45475,45475,11336,34139,0.24927982407916438,0.40892013089322504,12282,0.21264954897241894,534,63.93071161048689,27,64,0,534,0,122,23618,34139,143.496074,37.068396
beijing-pm25.csv:A2:cq=0.5,beijing-pm25.csv,external,A2,fixed_auto,0.5,1e-06,34139,57757,44907,44907,10768,34139,0.23978444340525976,0.40892013089322504,12850,0.2224838547708503,534,63.93071161048689,27,64,76,392,66,122,23618,34139,302.994149,41.128541
beijing-pm25.csv:A3:cq=0.5,beijing-pm25.csv,external,A3,adaptive_linear,0.5,1e-06,34139,81209,56668,56668,22529,34139,0.3975612338533211,0.5796155598517406,24541,0.3021955694565873,1067,31.995313964386128,27,32,0,1067,0,122,47070,34139,180.808853,47.222257
beijing-pm25.csv:A4:cq=0.5,beijing-pm25.csv,external,A4,adaptive_auto,0.5,1e-06,34139,81209,55496,55496,21357,34139,0.3848385469223007,0.5796155598517406,25713,0.31662746739893366,1067,31.995313964386128,27,32,135,774,158,122,47070,34139,296.323879,110.085852
beijing-pm25.csv:A0:cq=1,beijing-pm25.csv,external,A0,whole_linear,1.0,1e-06,34139,34305,34282,34282,143,34139,0.004171285222565778,0.004838944760239032,23,0.0006704562017199045,1,34139.0,34139,34139,0,1,0,122,166,34139,254.537316,38.581471
beijing-pm25.csv:A1:cq=1,beijing-pm25.csv,external,A1,fixed_linear,1.0,1e-06,34139,57757,45475,45475,11336,34139,0.24927982407916438,0.40892013089322504,12282,0.21264954897241894,534,63.93071161048689,27,64,0,534,0,122,23618,34139,188.676749,36.15139
beijing-pm25.csv:A2:cq=1,beijing-pm25.csv,external,A2,fixed_auto,1.0,1e-06,34139,57757,44811,44811,10672,34139,0.23815580995737654,0.40892013089322504,12946,0.2241459909621345,534,63.93071161048689,27,64,89,368,77,122,23618,34139,215.882167,36.597407
beijing-pm25.csv:A3:cq=1,beijing-pm25.csv,external,A3,adaptive_linear,1.0,1e-06,34139,81209,56668,56668,22529,34139,0.3975612338533211,0.5796155598517406,24541,0.3021955694565873,1067,31.995313964386128,27,32,0,1067,0,122,47070,34139,139.584775,38.778218
beijing-pm25.csv:A4:cq=1,beijing-pm25.csv,external,A4,adaptive_auto,1.0,1e-06,34139,81209,55312,55312,21173,34139,0.38279216083309225,0.5796155598517406,25897,0.3188932261202576,1067,31.995313964386128,27,32,163,728,176,122,47070,34139,282.516573,40.774996
beijing-pm25.csv:A0:cq=2,beijing-pm25.csv,external,A0,whole_linear,2.0,1e-06,34139,34305,34282,34282,143,34139,0.004171285222565778,0.004838944760239032,23,0.0006704562017199045,1,34139.0,34139,34139,0,1,0,122,166,34139,127.801912,36.289687
beijing-pm25.csv:A1:cq=2,beijing-pm25.csv,external,A1,fixed_linear,2.0,1e-06,34139,57757,45475,45475,11336,34139,0.24927982407916438,0.40892013089322504,12282,0.21264954897241894,534,63.93071161048689,27,64,0,534,0,122,23618,34139,115.754366,35.768253
beijing-pm25.csv:A2:cq=2,beijing-pm25.csv,external,A2,fixed_auto,2.0,1e-06,34139,57757,44827,44827,10688,34139,0.23842773328574296,0.40892013089322504,12930,0.22386896826358704,534,63.93071161048689,27,64,69,372,93,122,23618,34139,218.249575,35.241758
beijing-pm25.csv:A3:cq=2,beijing-pm25.csv,external,A3,adaptive_linear,2.0,1e-06,34139,81209,56668,56668,22529,34139,0.3975612338533211,0.5796155598517406,24541,0.3021955694565873,1067,31.995313964386128,27,32,0,1067,0,122,47070,34139,138.93911,38.982864
beijing-pm25.csv:A4:cq=2,beijing-pm25.csv,external,A4,adaptive_auto,2.0,1e-06,34139,81209,55136,55136,20997,34139,0.380821967498549,0.5796155598517406,26073,0.3210604735928284,1067,31.995313964386128,27,32,158,684,225,122,47070,34139,246.569373,38.717137
beijing-pm25.csv:A0:cq=4,beijing-pm25.csv,external,A0,whole_linear,4.0,1e-06,34139,34305,34282,34282,143,34139,0.004171285222565778,0.004838944760239032,23,0.0006704562017199045,1,34139.0,34139,34139,0,1,0,122,166,34139,108.210168,36.191528
beijing-pm25.csv:A1:cq=4,beijing-pm25.csv,external,A1,fixed_linear,4.0,1e-06,34139,57757,45475,45475,11336,34139,0.24927982407916438,0.40892013089322504,12282,0.21264954897241894,534,63.93071161048689,27,64,0,534,0,122,23618,34139,113.959853,34.693469
beijing-pm25.csv:A2:cq=4,beijing-pm25.csv,external,A2,fixed_auto,4.0,1e-06,34139,57757,44955,44955,10816,34139,0.2405961517072628,0.40892013089322504,12802,0.22165278667520816,534,63.93071161048689,27,64,56,404,74,122,23618,34139,227.527148,36.509857
beijing-pm25.csv:A3:cq=4,beijing-pm25.csv,external,A3,adaptive_linear,4.0,1e-06,34139,81209,56668,56668,22529,34139,0.3975612338533211,0.5796155598517406,24541,0.3021955694565873,1067,31.995313964386128,27,32,0,1067,0,122,47070,34139,142.477434,42.040351
beijing-pm25.csv:A4:cq=4,beijing-pm25.csv,external,A4,adaptive_auto,4.0,1e-06,34139,81209,55552,55552,21413,34139,0.3854586693548387,0.5796155598517406,25657,0.31593788865766115,1067,31.995313964386128,27,32,92,788,187,122,47070,34139,262.099528,37.926115
seoul-bike-demand.csv:A0:cq=0.0625,seoul-bike-demand.csv,external,A0,whole_linear,0.0625,1e-06,8760,8943,8920,8920,143,8777,0.016031390134529148,0.0185620038018562,23,0.00257184390025722,1,8760.0,8760,8760,0,1,0,122,166,8777,74.232719,9.987144
seoul-bike-demand.csv:A1:cq=0.0625,seoul-bike-demand.csv,external,A1,fixed_linear,0.0625,1e-06,8760,14912,11761,11761,2999,8762,0.25499532352691096,0.4124195278969957,3151,0.211306330472103,137,63.941605839416056,56,64,0,137,0,122,6150,8762,30.049091,9.252207
seoul-bike-demand.csv:A2:cq=0.0625,seoul-bike-demand.csv,external,A2,fixed_auto,0.0625,1e-06,8760,14917,11578,11578,2811,8767,0.24278804629469683,0.4122812898035798,3339,0.2238385734396997,137,63.941605839416056,56,64,40,90,7,122,6150,8767,66.544084,14.478423
seoul-bike-demand.csv:A3:cq=0.0625,seoul-bike-demand.csv,external,A3,adaptive_linear,0.0625,1e-06,8760,20941,14639,14639,5876,8763,0.4013935378099597,0.5815386084714197,6302,0.3009407382646483,274,31.970802919708028,24,32,0,274,0,122,12178,8763,40.011136,16.987276
seoul-bike-demand.csv:A4:cq=0.0625,seoul-bike-demand.csv,external,A4,adaptive_auto,0.0625,1e-06,8760,20944,14086,14086,5320,8766,0.3776799659236121,0.5814553093964858,6858,0.32744461420932014,274,31.970802919708028,24,32,96,135,43,122,12178,8766,67.615078,10.315557
seoul-bike-demand.csv:A0:cq=0.125,seoul-bike-demand.csv,external,A0,whole_linear,0.125,1e-06,8760,8926,8903,8903,143,8760,0.01606200157250365,0.018597356038539098,23,0.0025767421017253156,1,8760.0,8760,8760,0,1,0,122,166,8760,33.501841,11.800013
seoul-bike-demand.csv:A1:cq=0.125,seoul-bike-demand.csv,external,A1,fixed_linear,0.125,1e-06,8760,14910,11759,11759,2999,8760,0.25503869376647675,0.4124748490945674,3151,0.21133467471495637,137,63.941605839416056,56,64,0,137,0,122,6150,8760,31.906333,9.536677
seoul-bike-demand.csv:A2:cq=0.125,seoul-bike-demand.csv,external,A2,fixed_auto,0.125,1e-06,8760,14910,11555,11555,2795,8760,0.2418866291648637,0.4124748490945674,3355,0.2250167672702884,137,63.941605839416056,56,64,42,86,9,122,6150,8760,56.008201,9.083645
seoul-bike-demand.csv:A3:cq=0.125,seoul-bike-demand.csv,external,A3,adaptive_linear,0.125,1e-06,8760,20938,14636,14636,5876,8760,0.4014758130636786,0.5816219314165632,6302,0.30098385710192,274,31.970802919708028,24,32,0,274,0,122,12178,8760,36.710648,10.166696
seoul-bike-demand.csv:A4:cq=0.125,seoul-bike-demand.csv,external,A4,adaptive_auto,0.125,1e-06,8760,20938,14136,14136,5376,8760,0.38030560271646857,0.5816219314165632,6802,0.32486388384754994,274,31.970802919708028,24,32,88,149,37,122,12178,8760,65.669759,10.207082
seoul-bike-demand.csv:A0:cq=0.25,seoul-bike-demand.csv,external,A0,whole_linear,0.25,1e-06,8760,8926,8903,8903,143,8760,0.01606200157250365,0.018597356038539098,23,0.0025767421017253156,1,8760.0,8760,8760,0,1,0,122,166,8760,28.213532,9.617667
seoul-bike-demand.csv:A1:cq=0.25,seoul-bike-demand.csv,external,A1,fixed_linear,0.25,1e-06,8760,14910,11759,11759,2999,8760,0.25503869376647675,0.4124748490945674,3151,0.21133467471495637,137,63.941605839416056,56,64,0,137,0,122,6150,8760,29.086804,9.202589
seoul-bike-demand.csv:A2:cq=0.25,seoul-bike-demand.csv,external,A2,fixed_auto,0.25,1e-06,8760,14910,11531,11531,2771,8760,0.24030873298066083,0.4124748490945674,3379,0.2266264252179745,137,63.941605839416056,56,64,46,80,11,122,6150,8760,55.357262,9.152421
seoul-bike-demand.csv:A3:cq=0.25,seoul-bike-demand.csv,external,A3,adaptive_linear,0.25,1e-06,8760,20938,14636,14636,5876,8760,0.4014758130636786,0.5816219314165632,6302,0.30098385710192,274,31.970802919708028,24,32,0,274,0,122,12178,8760,35.53956,9.860882
seoul-bike-demand.csv:A4:cq=0.25,seoul-bike-demand.csv,external,A4,adaptive_auto,0.25,1e-06,8760,20938,14088,14088,5328,8760,0.3781942078364566,0.5816219314165632,6850,0.32715636641513035,274,31.970802919708028,24,32,86,137,51,122,12178,8760,64.267781,9.898551
seoul-bike-demand.csv:A0:cq=0.5,seoul-bike-demand.csv,external,A0,whole_linear,0.5,1e-06,8760,8926,8903,8903,143,8760,0.01606200157250365,0.018597356038539098,23,0.0025767421017253156,1,8760.0,8760,8760,0,1,0,122,166,8760,28.231293,9.358258
seoul-bike-demand.csv:A1:cq=0.5,seoul-bike-demand.csv,external,A1,fixed_linear,0.5,1e-06,8760,14910,11759,11759,2999,8760,0.25503869376647675,0.4124748490945674,3151,0.21133467471495637,137,63.941605839416056,56,64,0,137,0,122,6150,8760,29.820863,9.107039
seoul-bike-demand.csv:A2:cq=0.5,seoul-bike-demand.csv,external,A2,fixed_auto,0.5,1e-06,8760,14910,11551,11551,2791,8760,0.24162410180936716,0.4124748490945674,3359,0.22528504359490276,137,63.941605839416056,56,64,47,85,5,122,6150,8760,54.759973,8.97919
seoul-bike-demand.csv:A3:cq=0.5,seoul-bike-demand.csv,external,A3,adaptive_linear,0.5,1e-06,8760,20938,14636,14636,5876,8760,0.4014758130636786,0.5816219314165632,6302,0.30098385710192,274,31.970802919708028,24,32,0,274,0,122,12178,8760,35.759941,9.879381
seoul-bike-demand.csv:A4:cq=0.5,seoul-bike-demand.csv,external,A4,adaptive_auto,0.5,1e-06,8760,20938,14100,14100,5340,8760,0.37872340425531914,0.5816219314165632,6838,0.3265832457732353,274,31.970802919708028,24,32,92,140,42,122,12178,8760,62.780075,9.791119
seoul-bike-demand.csv:A0:cq=1,seoul-bike-demand.csv,external,A0,whole_linear,1.0,1e-06,8760,8926,8903,8903,143,8760,0.01606200157250365,0.018597356038539098,23,0.0025767421017253156,1,8760.0,8760,8760,0,1,0,122,166,8760,27.72782,9.516483
seoul-bike-demand.csv:A1:cq=1,seoul-bike-demand.csv,external,A1,fixed_linear,1.0,1e-06,8760,14910,11759,11759,2999,8760,0.25503869376647675,0.4124748490945674,3151,0.21133467471495637,137,63.941605839416056,56,64,0,137,0,122,6150,8760,29.834632,9.636023
seoul-bike-demand.csv:A2:cq=1,seoul-bike-demand.csv,external,A2,fixed_auto,1.0,1e-06,8760,14910,11559,11559,2799,8760,0.24214897482481185,0.4124748490945674,3351,0.22474849094567406,137,63.941605839416056,56,64,43,87,7,122,6150,8760,54.716589,12.229812
seoul-bike-demand.csv:A3:cq=1,seoul-bike-demand.csv,external,A3,adaptive_linear,1.0,1e-06,8760,20938,14636,14636,5876,8760,0.4014758130636786,0.5816219314165632,6302,0.30098385710192,274,31.970802919708028,24,32,0,274,0,122,12178,8760,40.716856,15.535299
seoul-bike-demand.csv:A4:cq=1,seoul-bike-demand.csv,external,A4,adaptive_auto,1.0,1e-06,8760,20938,14072,14072,5312,8760,0.37748720864127344,0.5816219314165632,6866,0.3279205272709905,274,31.970802919708028,24,32,100,133,41,122,12178,8760,65.040748,10.079313
seoul-bike-demand.csv:A0:cq=2,seoul-bike-demand.csv,external,A0,whole_linear,2.0,1e-06,8760,8926,8903,8903,143,8760,0.01606200157250365,0.018597356038539098,23,0.0025767421017253156,1,8760.0,8760,8760,0,1,0,122,166,8760,30.553736,10.216535
seoul-bike-demand.csv:A1:cq=2,seoul-bike-demand.csv,external,A1,fixed_linear,2.0,1e-06,8760,14910,11759,11759,2999,8760,0.25503869376647675,0.4124748490945674,3151,0.21133467471495637,137,63.941605839416056,56,64,0,137,0,122,6150,8760,32.654123,9.593032
seoul-bike-demand.csv:A2:cq=2,seoul-bike-demand.csv,external,A2,fixed_auto,2.0,1e-06,8760,14910,11623,11623,2863,8760,0.24632194786199776,0.4124748490945674,3287,0.2204560697518444,137,63.941605839416056,56,64,29,103,5,122,6150,8760,56.184934,9.363051
seoul-bike-demand.csv:A3:cq=2,seoul-bike-demand.csv,external,A3,adaptive_linear,2.0,1e-06,8760,20938,14636,14636,5876,8760,0.4014758130636786,0.5816219314165632,6302,0.30098385710192,274,31.970802919708028,24,32,0,274,0,122,12178,8760,40.213948,9.864871
seoul-bike-demand.csv:A4:cq=2,seoul-bike-demand.csv,external,A4,adaptive_auto,2.0,1e-06,8760,20938,14064,14064,5304,8760,0.3771331058020478,0.5816219314165632,6874,0.3283026076989206,274,31.970802919708028,24,32,105,131,38,122,12178,8760,65.894874,10.421293
seoul-bike-demand.csv:A0:cq=4,seoul-bike-demand.csv,external,A0,whole_linear,4.0,1e-06,8760,8926,8903,8903,143,8760,0.01606200157250365,0.018597356038539098,23,0.0025767421017253156,1,8760.0,8760,8760,0,1,0,122,166,8760,37.284868,10.411006
seoul-bike-demand.csv:A1:cq=4,seoul-bike-demand.csv,external,A1,fixed_linear,4.0,1e-06,8760,14910,11759,11759,2999,8760,0.25503869376647675,0.4124748490945674,3151,0.21133467471495637,137,63.941605839416056,56,64,0,137,0,122,6150,8760,45.792403,22.685682
seoul-bike-demand.csv:A2:cq=4,seoul-bike-demand.csv,external,A2,fixed_auto,4.0,1e-06,8760,14910,11607,11607,2847,8760,0.24528301886792453,0.4124748490945674,3303,0.22152917505030179,137,63.941605839416056,56,64,29,99,9,122,6150,8760,58.942418,9.152731
seoul-bike-demand.csv:A3:cq=4,seoul-bike-demand.csv,external,A3,adaptive_linear,4.0,1e-06,8760,20938,14636,14636,5876,8760,0.4014758130636786,0.5816219314165632,6302,0.30098385710192,274,31.970802919708028,24,32,0,274,0,122,12178,8760,39.339423,12.571135
seoul-bike-demand.csv:A4:cq=4,seoul-bike-demand.csv,external,A4,adaptive_auto,4.0,1e-06,8760,20938,14356,14356,5596,8760,0.38980217330732797,0.5816219314165632,6582,0.3143566720794727,274,31.970802919708028,24,32,43,204,27,122,12178,8760,78.990653,10.9484
fan-vibration-x.csv:A0:cq=0.0625,fan-vibration-x.csv,external,A0,whole_linear,0.0625,1e-06,153000,155491,155468,155468,143,155325,0.0009198034322175625,0.001067585905293554,23,0.00014791852904671998,1,153000.0,153000,153000,0,1,0,122,166,155325,605.287931,175.396832
fan-vibration-x.csv:A1:cq=0.0625,fan-vibration-x.csv,external,A1,fixed_linear,0.0625,1e-06,153000,258413,203420,203420,50333,153087,0.24743388064103825,0.40758785355225935,54993,0.21281050101968557,2391,63.98996235884567,40,64,0,2391,0,122,105326,153087,573.365573,181.764463
fan-vibration-x.csv:A2:cq=0.0625,fan-vibration-x.csv,external,A2,fixed_auto,0.0625,1e-06,153000,258411,198946,198946,45861,153085,0.23051983955445196,0.40759100812271926,59465,0.2301179129371428,2391,63.98996235884567,40,64,1102,1273,16,122,105326,153085,1142.892837,166.837631
fan-vibration-x.csv:A3:cq=0.0625,fan-vibration-x.csv,external,A3,adaptive_linear,0.0625,1e-06,153000,238987,194137,194137,41072,153065,0.21156193821888666,0.35952583194901816,44850,0.18766711160021254,1950,78.46153846153847,32,128,0,1950,0,122,85922,153065,3755.804642,164.714455
fan-vibration-x.csv:A4:cq=0.0625,fan-vibration-x.csv,external,A4,adaptive_auto,0.0625,1e-06,153000,238985,190675,190675,37612,153063,0.1972571128884227,0.3595288407222211,48310,0.2021465782371279,1950,78.46153846153847,32,128,858,1085,7,122,85922,153063,4606.605694,179.35137
fan-vibration-x.csv:A0:cq=0.125,fan-vibration-x.csv,external,A0,whole_linear,0.125,1e-06,153000,153311,153288,153288,143,153145,0.0009328845049840823,0.0010827664029326011,23,0.00015002185100876364,1,153000.0,153000,153000,0,1,0,122,166,153145,502.919602,166.596712
fan-vibration-x.csv:A1:cq=0.125,fan-vibration-x.csv,external,A1,fixed_linear,0.125,1e-06,153000,258326,203333,203333,50333,153000,0.24753975006516404,0.407725122519607,54993,0.21288217213908012,2391,63.98996235884567,40,64,0,2391,0,122,105326,153000,527.853884,161.961991
fan-vibration-x.csv:A2:cq=0.125,fan-vibration-x.csv,external,A2,fixed_auto,0.125,1e-06,153000,258326,198729,198729,45729,153000,0.2301073320954667,0.407725122519607,59597,0.23070461355032013,2391,63.98996235884567,40,64,1134,1240,17,122,105326,153000,979.144268,170.617751
fan-vibration-x.csv:A3:cq=0.125,fan-vibration-x.csv,external,A3,adaptive_linear,0.125,1e-06,153000,238922,194072,194072,41072,153000,0.21163279607568325,0.3596236428625242,44850,0.18771816743539738,1950,78.46153846153847,32,128,0,1950,0,122,85922,153000,4983.28382,240.030343
fan-vibration-x.csv:A4:cq=0.125,fan-vibration-x.csv,external,A4,adaptive_auto,0.125,1e-06,153000,238922,190420,190420,37420,153000,0.19651297132654133,0.3596236428625242,48502,0.2030034906789664,1950,78.46153846153847,32,128,909,1037,4,122,85922,153000,4100.969807,209.048871
fan-vibration-x.csv:A0:cq=0.25,fan-vibration-x.csv,external,A0,whole_linear,0.25,1e-06,153000,153166,153143,153143,143,153000,0.000933767785664379,0.0010837914419649269,23,0.0001501638744890732,1,153000.0,153000,153000,0,1,0,122,166,153000,522.95444,163.518707
fan-vibration-x.csv:A1:cq=0.25,fan-vibration-x.csv,external,A1,fixed_linear,0.25,1e-06,153000,258326,203333,203333,50333,153000,0.24753975006516404,0.407725122519607,54993,0.21288217213908012,2391,63.98996235884567,40,64,0,2391,0,122,105326,153000,522.235771,185.245391
fan-vibration-x.csv:A2:cq=0.25,fan-vibration-x.csv,external,A2,fixed_auto,0.25,1e-06,153000,258326,199009,199009,46009,153000,0.231190549171143,0.407725122519607,59317,0.22962071181375476,2391,63.98996235884567,40,64,1081,1310,0,122,105326,153000,958.447957,158.034337
fan-vibration-x.csv:A3:cq=0.25,fan-vibration-x.csv,external,A3,adaptive_linear,0.25,1e-06,153000,238922,194072,194072,41072,153000,0.21163279607568325,0.3596236428625242,44850,0.18771816743539738,1950,78.46153846153847,32,128,0,1950,0,122,85922,153000,3802.622369,186.318257
fan-vibration-x.csv:A4:cq=0.25,fan-vibration-x.csv,external,A4,adaptive_auto,0.25,1e-06,153000,238922,190648,190648,37648,153000,0.1974738785615375,0.3596236428625242,48274,0.2020492043428399,1950,78.46153846153847,32,128,856,1094,0,122,85922,153000,4355.265929,196.500827
fan-vibration-x.csv:A0:cq=0.5,fan-vibration-x.csv,external,A0,whole_linear,0.5,1e-06,153000,153166,153143,153143,143,153000,0.000933767785664379,0.0010837914419649269,23,0.0001501638744890732,1,153000.0,153000,153000,0,1,0,122,166,153000,510.805717,193.809696
fan-vibration-x.csv:A1:cq=0.5,fan-vibration-x.csv,external,A1,fixed_linear,0.5,1e-06,153000,258326,203333,203333,50333,153000,0.24753975006516404,0.407725122519607,54993,0.21288217213908012,2391,63.98996235884567,40,64,0,2391,0,122,105326,153000,511.314618,178.140645
fan-vibration-x.csv:A2:cq=0.5,fan-vibration-x.csv,external,A2,fixed_auto,0.5,1e-06,153000,258326,198837,198837,45837,153000,0.23052550581632192,0.407725122519607,59489,0.23028653716621628,2391,63.98996235884567,40,64,1124,1267,0,122,105326,153000,966.117261,156.395683
fan-vibration-x.csv:A3:cq=0.5,fan-vibration-x.csv,external,A3,adaptive_linear,0.5,1e-06,153000,238922,194072,194072,41072,153000,0.21163279607568325,0.3596236428625242,44850,0.18771816743539738,1950,78.46153846153847,32,128,0,1950,0,122,85922,153000,3455.506678,158.65015
fan-vibration-x.csv:A4:cq=0.5,fan-vibration-x.csv,external,A4,adaptive_auto,0.5,1e-06,153000,238922,190456,190456,37456,153000,0.1966648464737262,0.3596236428625242,48466,0.20285281388905163,1950,78.46153846153847,32,128,904,1046,0,122,85922,153000,4023.698882,164.81388
fan-vibration-x.csv:A0:cq=1,fan-vibration-x.csv,external,A0,whole_linear,1.0,1e-06,153000,153166,153143,153143,143,153000,0.000933767785664379,0.0010837914419649269,23,0.0001501638744890732,1,153000.0,153000,153000,0,1,0,122,166,153000,500.593169,164.857017
fan-vibration-x.csv:A1:cq=1,fan-vibration-x.csv,external,A1,fixed_linear,1.0,1e-06,153000,258326,203333,203333,50333,153000,0.24753975006516404,0.407725122519607,54993,0.21288217213908012,2391,63.98996235884567,40,64,0,2391,0,122,105326,153000,519.96435,162.037144
fan-vibration-x.csv:A2:cq=1,fan-vibration-x.csv,external,A2,fixed_auto,1.0,1e-06,153000,258326,199113,199113,46113,153000,0.23159211101233973,0.407725122519607,59213,0.22921811974017325,2391,63.98996235884567,40,64,1055,1336,0,122,105326,153000,1017.636407,159.384774
fan-vibration-x.csv:A3:cq=1,fan-vibration-x.csv,external,A3,adaptive_linear,1.0,1e-06,153000,238922,194072,194072,41072,153000,0.21163279607568325,0.3596236428625242,44850,0.18771816743539738,1950,78.46153846153847,32,128,0,1950,0,122,85922,153000,3760.176376,178.735185
fan-vibration-x.csv:A4:cq=1,fan-vibration-x.csv,external,A4,adaptive_auto,1.0,1e-06,153000,238922,190632,190632,37632,153000,0.19740652146544127,0.3596236428625242,48290,0.20211617180502428,1950,78.46153846153847,32,128,860,1090,0,122,85922,153000,4210.060297,171.74196
fan-vibration-x.csv:A0:cq=2,fan-vibration-x.csv,external,A0,whole_linear,2.0,1e-06,153000,153166,153143,153143,143,153000,0.000933767785664379,0.0010837914419649269,23,0.0001501638744890732,1,153000.0,153000,153000,0,1,0,122,166,153000,518.160585,265.431286
fan-vibration-x.csv:A1:cq=2,fan-vibration-x.csv,external,A1,fixed_linear,2.0,1e-06,153000,258326,203333,203333,50333,153000,0.24753975006516404,0.407725122519607,54993,0.21288217213908012,2391,63.98996235884567,40,64,0,2391,0,122,105326,153000,558.169421,163.034286
fan-vibration-x.csv:A2:cq=2,fan-vibration-x.csv,external,A2,fixed_auto,2.0,1e-06,153000,258326,198913,198913,45913,153000,0.23081950400426318,0.407725122519607,59413,0.22999233526629148,2391,63.98996235884567,40,64,1105,1286,0,122,105326,153000,985.431465,156.732212
fan-vibration-x.csv:A3:cq=2,fan-vibration-x.csv,external,A3,adaptive_linear,2.0,1e-06,153000,238922,194072,194072,41072,153000,0.21163279607568325,0.3596236428625242,44850,0.18771816743539738,1950,78.46153846153847,32,128,0,1950,0,122,85922,153000,3540.649605,158.978006
fan-vibration-x.csv:A4:cq=2,fan-vibration-x.csv,external,A4,adaptive_auto,2.0,1e-06,153000,238922,190764,190764,37764,153000,0.1979618795999245,0.3596236428625242,48158,0.2015636902420037,1950,78.46153846153847,32,128,827,1123,0,122,85922,153000,3901.82822,155.295313
fan-vibration-x.csv:A0:cq=4,fan-vibration-x.csv,external,A0,whole_linear,4.0,1e-06,153000,153166,153143,153143,143,153000,0.000933767785664379,0.0010837914419649269,23,0.0001501638744890732,1,153000.0,153000,153000,0,1,0,122,166,153000,528.993765,175.695717
fan-vibration-x.csv:A1:cq=4,fan-vibration-x.csv,external,A1,fixed_linear,4.0,1e-06,153000,258326,203333,203333,50333,153000,0.24753975006516404,0.407725122519607,54993,0.21288217213908012,2391,63.98996235884567,40,64,0,2391,0,122,105326,153000,542.600054,183.189134
fan-vibration-x.csv:A2:cq=4,fan-vibration-x.csv,external,A2,fixed_auto,4.0,1e-06,153000,258326,200029,200029,47029,153000,0.23511090891820685,0.407725122519607,58297,0.22567221263055204,2391,63.98996235884567,40,64,826,1565,0,122,105326,153000,957.622407,158.020995
fan-vibration-x.csv:A3:cq=4,fan-vibration-x.csv,external,A3,adaptive_linear,4.0,1e-06,153000,238922,194072,194072,41072,153000,0.21163279607568325,0.3596236428625242,44850,0.18771816743539738,1950,78.46153846153847,32,128,0,1950,0,122,85922,153000,3739.773036,177.195816
fan-vibration-x.csv:A4:cq=4,fan-vibration-x.csv,external,A4,adaptive_auto,4.0,1e-06,153000,238922,191272,191272,38272,153000,0.20009201555899453,0.3596236428625242,47650,0.19943747331765183,1950,78.46153846153847,32,128,699,1250,1,122,85922,153000,4460.491516,158.394248
dow-jones-weekly-return.csv:A0:cq=0.0625,dow-jones-weekly-return.csv,external,A0,whole_linear,0.0625,1e-06,25,191,168,168,143,25,0.8511904761904762,0.8691099476439791,23,0.12041884816753923,1,25.0,25,25,0,1,0,122,166,25,0.156038,0.054684
dow-jones-weekly-return.csv:A1:cq=0.0625,dow-jones-weekly-return.csv,external,A1,fixed_linear,0.0625,1e-06,25,191,168,168,143,25,0.8511904761904762,0.8691099476439791,23,0.12041884816753923,1,25.0,25,25,0,1,0,122,166,25,0.16048,0.054869
dow-jones-weekly-return.csv:A2:cq=0.0625,dow-jones-weekly-return.csv,external,A2,fixed_auto,0.0625,1e-06,25,191,168,168,143,25,0.8511904761904762,0.8691099476439791,23,0.12041884816753923,1,25.0,25,25,0,1,0,122,166,25,0.250254,0.055346
dow-jones-weekly-return.csv:A3:cq=0.0625,dow-jones-weekly-return.csv,external,A3,adaptive_linear,0.0625,1e-06,25,191,168,168,143,25,0.8511904761904762,0.8691099476439791,23,0.12041884816753923,1,25.0,25,25,0,1,0,122,166,25,0.176342,0.055048
dow-jones-weekly-return.csv:A4:cq=0.0625,dow-jones-weekly-return.csv,external,A4,adaptive_auto,0.0625,1e-06,25,191,168,168,143,25,0.8511904761904762,0.8691099476439791,23,0.12041884816753923,1,25.0,25,25,0,1,0,122,166,25,0.2591,0.055104
dow-jones-weekly-return.csv:A0:cq=0.125,dow-jones-weekly-return.csv,external,A0,whole_linear,0.125,1e-06,25,191,168,168,143,25,0.8511904761904762,0.8691099476439791,23,0.12041884816753923,1,25.0,25,25,0,1,0,122,166,25,0.156149,0.054503
dow-jones-weekly-return.csv:A1:cq=0.125,dow-jones-weekly-return.csv,external,A1,fixed_linear,0.125,1e-06,25,191,168,168,143,25,0.8511904761904762,0.8691099476439791,23,0.12041884816753923,1,25.0,25,25,0,1,0,122,166,25,0.156483,0.054868
dow-jones-weekly-return.csv:A2:cq=0.125,dow-jones-weekly-return.csv,external,A2,fixed_auto,0.125,1e-06,25,191,168,168,143,25,0.8511904761904762,0.8691099476439791,23,0.12041884816753923,1,25.0,25,25,0,1,0,122,166,25,0.24176,0.057213
dow-jones-weekly-return.csv:A3:cq=0.125,dow-jones-weekly-return.csv,external,A3,adaptive_linear,0.125,1e-06,25,191,168,168,143,25,0.8511904761904762,0.8691099476439791,23,0.12041884816753923,1,25.0,25,25,0,1,0,122,166,25,0.167606,0.076265
dow-jones-weekly-return.csv:A4:cq=0.125,dow-jones-weekly-return.csv,external,A4,adaptive_auto,0.125,1e-06,25,191,168,168,143,25,0.8511904761904762,0.8691099476439791,23,0.12041884816753923,1,25.0,25,25,0,1,0,122,166,25,0.261252,0.055285
dow-jones-weekly-return.csv:A0:cq=0.25,dow-jones-weekly-return.csv,external,A0,whole_linear,0.25,1e-06,25,191,168,168,143,25,0.8511904761904762,0.8691099476439791,23,0.12041884816753923,1,25.0,25,25,0,1,0,122,166,25,0.375798,0.143128
dow-jones-weekly-return.csv:A1:cq=0.25,dow-jones-weekly-return.csv,external,A1,fixed_linear,0.25,1e-06,25,191,168,168,143,25,0.8511904761904762,0.8691099476439791,23,0.12041884816753923,1,25.0,25,25,0,1,0,122,166,25,0.16515,0.061804
dow-jones-weekly-return.csv:A2:cq=0.25,dow-jones-weekly-return.csv,external,A2,fixed_auto,0.25,1e-06,25,191,168,168,143,25,0.8511904761904762,0.8691099476439791,23,0.12041884816753923,1,25.0,25,25,0,1,0,122,166,25,0.457593,0.075712
dow-jones-weekly-return.csv:A3:cq=0.25,dow-jones-weekly-return.csv,external,A3,adaptive_linear,0.25,1e-06,25,191,168,168,143,25,0.8511904761904762,0.8691099476439791,23,0.12041884816753923,1,25.0,25,25,0,1,0,122,166,25,0.32598,0.05935
dow-jones-weekly-return.csv:A4:cq=0.25,dow-jones-weekly-return.csv,external,A4,adaptive_auto,0.25,1e-06,25,191,168,168,143,25,0.8511904761904762,0.8691099476439791,23,0.12041884816753923,1,25.0,25,25,0,1,0,122,166,25,0.34457,0.09174
dow-jones-weekly-return.csv:A0:cq=0.5,dow-jones-weekly-return.csv,external,A0,whole_linear,0.5,1e-06,25,191,168,168,143,25,0.8511904761904762,0.8691099476439791,23,0.12041884816753923,1,25.0,25,25,0,1,0,122,166,25,0.158335,0.055174
dow-jones-weekly-return.csv:A1:cq=0.5,dow-jones-weekly-return.csv,external,A1,fixed_linear,0.5,1e-06,25,191,168,168,143,25,0.8511904761904762,0.8691099476439791,23,0.12041884816753923,1,25.0,25,25,0,1,0,122,166,25,0.162212,0.053979
dow-jones-weekly-return.csv:A2:cq=0.5,dow-jones-weekly-return.csv,external,A2,fixed_auto,0.5,1e-06,25,191,164,164,139,25,0.8475609756097561,0.8691099476439791,27,0.1413612565445026,1,25.0,25,25,1,0,0,122,166,25,0.26944,0.059083
dow-jones-weekly-return.csv:A3:cq=0.5,dow-jones-weekly-return.csv,external,A3,adaptive_linear,0.5,1e-06,25,191,168,168,143,25,0.8511904761904762,0.8691099476439791,23,0.12041884816753923,1,25.0,25,25,0,1,0,122,166,25,0.166107,0.055632
dow-jones-weekly-return.csv:A4:cq=0.5,dow-jones-weekly-return.csv,external,A4,adaptive_auto,0.5,1e-06,25,191,164,164,139,25,0.8475609756097561,0.8691099476439791,27,0.1413612565445026,1,25.0,25,25,1,0,0,122,166,25,0.25705,0.057468
dow-jones-weekly-return.csv:A0:cq=1,dow-jones-weekly-return.csv,external,A0,whole_linear,1.0,1e-06,25,191,168,168,143,25,0.8511904761904762,0.8691099476439791,23,0.12041884816753923,1,25.0,25,25,0,1,0,122,166,25,0.219128,0.151746
dow-jones-weekly-return.csv:A1:cq=1,dow-jones-weekly-return.csv,external,A1,fixed_linear,1.0,1e-06,25,191,168,168,143,25,0.8511904761904762,0.8691099476439791,23,0.12041884816753923,1,25.0,25,25,0,1,0,122,166,25,0.234575,0.057203
dow-jones-weekly-return.csv:A2:cq=1,dow-jones-weekly-return.csv,external,A2,fixed_auto,1.0,1e-06,25,191,164,164,139,25,0.8475609756097561,0.8691099476439791,27,0.1413612565445026,1,25.0,25,25,1,0,0,122,166,25,0.2426,0.052614
dow-jones-weekly-return.csv:A3:cq=1,dow-jones-weekly-return.csv,external,A3,adaptive_linear,1.0,1e-06,25,191,168,168,143,25,0.8511904761904762,0.8691099476439791,23,0.12041884816753923,1,25.0,25,25,0,1,0,122,166,25,0.174959,0.054677
dow-jones-weekly-return.csv:A4:cq=1,dow-jones-weekly-return.csv,external,A4,adaptive_auto,1.0,1e-06,25,191,164,164,139,25,0.8475609756097561,0.8691099476439791,27,0.1413612565445026,1,25.0,25,25,1,0,0,122,166,25,0.252525,0.05181
dow-jones-weekly-return.csv:A0:cq=2,dow-jones-weekly-return.csv,external,A0,whole_linear,2.0,1e-06,25,191,168,168,143,25,0.8511904761904762,0.8691099476439791,23,0.12041884816753923,1,25.0,25,25,0,1,0,122,166,25,0.154077,0.053087
dow-jones-weekly-return.csv:A1:cq=2,dow-jones-weekly-return.csv,external,A1,fixed_linear,2.0,1e-06,25,191,168,168,143,25,0.8511904761904762,0.8691099476439791,23,0.12041884816753923,1,25.0,25,25,0,1,0,122,166,25,0.150745,0.054181
dow-jones-weekly-return.csv:A2:cq=2,dow-jones-weekly-return.csv,external,A2,fixed_auto,2.0,1e-06,25,191,168,168,143,25,0.8511904761904762,0.8691099476439791,23,0.12041884816753923,1,25.0,25,25,0,1,0,122,166,25,0.403842,0.093759
dow-jones-weekly-return.csv:A3:cq=2,dow-jones-weekly-return.csv,external,A3,adaptive_linear,2.0,1e-06,25,191,168,168,143,25,0.8511904761904762,0.8691099476439791,23,0.12041884816753923,1,25.0,25,25,0,1,0,122,166,25,0.175779,0.05467
dow-jones-weekly-return.csv:A4:cq=2,dow-jones-weekly-return.csv,external,A4,adaptive_auto,2.0,1e-06,25,191,168,168,143,25,0.8511904761904762,0.8691099476439791,23,0.12041884816753923,1,25.0,25,25,0,1,0,122,166,25,0.256186,0.054743
dow-jones-weekly-return.csv:A0:cq=4,dow-jones-weekly-return.csv,external,A0,whole_linear,4.0,1e-06,25,191,168,168,143,25,0.8511904761904762,0.8691099476439791,23,0.12041884816753923,1,25.0,25,25,0,1,0,122,166,25,0.178515,0.053261
dow-jones-weekly-return.csv:A1:cq=4,dow-jones-weekly-return.csv,external,A1,fixed_linear,4.0,1e-06,25,191,168,168,143,25,0.8511904761904762,0.8691099476439791,23,0.12041884816753923,1,25.0,25,25,0,1,0,122,166,25,0.175441,0.054563
dow-jones-weekly-return.csv:A2:cq=4,dow-jones-weekly-return.csv,external,A2,fixed_auto,4.0,1e-06,25,191,168,168,143,25,0.8511904761904762,0.8691099476439791,23,0.12041884816753923,1,25.0,25,25,0,1,0,122,166,25,0.239148,0.053713
dow-jones-weekly-return.csv:A3:cq=4,dow-jones-weekly-return.csv,external,A3,adaptive_linear,4.0,1e-06,25,191,168,168,143,25,0.8511904761904762,0.8691099476439791,23,0.12041884816753923,1,25.0,25,25,0,1,0,122,166,25,0.165645,0.055807
dow-jones-weekly-return.csv:A4:cq=4,dow-jones-weekly-return.csv,external,A4,adaptive_auto,4.0,1e-06,25,191,168,168,143,25,0.8511904761904762,0.8691099476439791,23,0.12041884816753923,1,25.0,25,25,0,1,0,122,166,25,0.249962,0.053601
room-occupancy-count.csv:A0:cq=0.0625,room-occupancy-count.csv,external,A0,whole_linear,0.0625,1e-06,10129,10295,10272,10272,143,10129,0.013921339563862928,0.016124332200097135,23,0.002234094220495364,1,10129.0,10129,10129,0,1,0,122,166,10129,33.539961,10.893102
room-occupancy-count.csv:A1:cq=0.0625,room-occupancy-count.csv,external,A1,fixed_linear,0.0625,1e-06,10129,17255,13598,13598,3461,10137,0.2545227239299897,0.4125181106925529,3657,0.21193856853086057,159,63.704402515723274,17,64,0,159,0,122,7118,10137,33.069613,10.409917
room-occupancy-count.csv:A2:cq=0.0625,room-occupancy-count.csv,external,A2,fixed_auto,0.0625,1e-06,10129,17270,12977,12977,2825,10152,0.2176928411805502,0.4121598147075854,4293,0.2485813549507817,159,63.704402515723274,17,64,140,0,19,122,7118,10152,59.555181,10.345985
room-occupancy-count.csv:A3:cq=0.0625,room-occupancy-count.csv,external,A3,adaptive_linear,0.0625,1e-06,10129,13773,11933,11933,1802,10131,0.15100980474314926,0.26443040731866696,1840,0.1335947142960865,80,126.6125,85,128,0,80,0,122,3642,10131,251.604201,9.991298
room-occupancy-count.csv:A4:cq=0.0625,room-occupancy-count.csv,external,A4,adaptive_auto,0.0625,1e-06,10129,13795,11635,11635,1482,10153,0.12737430167597766,0.2640086988039145,2160,0.1565784704603117,80,126.6125,85,128,63,0,17,122,3642,10153,292.976269,9.660904
room-occupancy-count.csv:A0:cq=0.125,room-occupancy-count.csv,external,A0,whole_linear,0.125,1e-06,10129,10295,10272,10272,143,10129,0.013921339563862928,0.016124332200097135,23,0.002234094220495364,1,10129.0,10129,10129,0,1,0,122,166,10129,35.833287,12.181468
room-occupancy-count.csv:A1:cq=0.125,room-occupancy-count.csv,external,A1,fixed_linear,0.125,1e-06,10129,17247,13590,13590,3461,10129,0.25467255334805006,0.41270945671711023,3657,0.21203687597843102,159,63.704402515723274,17,64,0,159,0,122,7118,10129,33.732254,10.60981
room-occupancy-count.csv:A2:cq=0.125,room-occupancy-count.csv,external,A2,fixed_auto,0.125,1e-06,10129,17261,12968,12968,2825,10143,0.21784392350400988,0.41237471757140376,4293,0.24871096691964545,159,63.704402515723274,17,64,142,0,17,122,7118,10143,61.537245,10.055366
room-occupancy-count.csv:A3:cq=0.125,room-occupancy-count.csv,external,A3,adaptive_linear,0.125,1e-06,10129,13772,11932,11932,1802,10130,0.15102246061012403,0.26444960790008715,1840,0.13360441475457452,80,126.6125,85,128,0,80,0,122,3642,10130,256.357,10.544254
room-occupancy-count.csv:A4:cq=0.125,room-occupancy-count.csv,external,A4,adaptive_auto,0.125,1e-06,10129,13784,11628,11628,1486,10142,0.1277949776401789,0.264219384793964,2156,0.1564132327336042,80,126.6125,85,128,63,1,16,122,3642,10142,283.426525,12.103408
room-occupancy-count.csv:A0:cq=0.25,room-occupancy-count.csv,external,A0,whole_linear,0.25,1e-06,10129,10295,10272,10272,143,10129,0.013921339563862928,0.016124332200097135,23,0.002234094220495364,1,10129.0,10129,10129,0,1,0,122,166,10129,31.622599,10.702041
room-occupancy-count.csv:A1:cq=0.25,room-occupancy-count.csv,external,A1,fixed_linear,0.25,1e-06,10129,17247,13590,13590,3461,10129,0.25467255334805006,0.41270945671711023,3657,0.21203687597843102,159,63.704402515723274,17,64,0,159,0,122,7118,10129,33.020463,10.368518
room-occupancy-count.csv:A2:cq=0.25,room-occupancy-count.csv,external,A2,fixed_auto,0.25,1e-06,10129,17247,12954,12954,2825,10129,0.2180793577273429,0.41270945671711023,4293,0.24891285440946254,159,63.704402515723274,17,64,141,0,18,122,7118,10129,64.00394,9.845122
room-occupancy-count.csv:A3:cq=0.25,room-occupancy-count.csv,external,A3,adaptive_linear,0.25,1e-06,10129,13771,11931,11931,1802,10129,0.15103511859860866,0.2644688112700603,1840,0.1336141166218866,80,126.6125,85,128,0,80,0,122,3642,10129,255.940361,9.880281
room-occupancy-count.csv:A4:cq=0.25,room-occupancy-count.csv,external,A4,adaptive_auto,0.25,1e-06,10129,13771,11615,11615,1486,10129,0.1279380111924236,0.2644688112700603,2156,0.15656088882434105,80,126.6125,85,128,63,1,16,122,3642,10129,283.911232,9.662002
room-occupancy-count.csv:A0:cq=0.5,room-occupancy-count.csv,external,A0,whole_linear,0.5,1e-06,10129,10295,10272,10272,143,10129,0.013921339563862928,0.016124332200097135,23,0.002234094220495364,1,10129.0,10129,10129,0,1,0,122,166,10129,32.655714,10.819583
room-occupancy-count.csv:A1:cq=0.5,room-occupancy-count.csv,external,A1,fixed_linear,0.5,1e-06,10129,17247,13590,13590,3461,10129,0.25467255334805006,0.41270945671711023,3657,0.21203687597843102,159,63.704402515723274,17,64,0,159,0,122,7118,10129,32.698313,10.28788
room-occupancy-count.csv:A2:cq=0.5,room-occupancy-count.csv,external,A2,fixed_auto,0.5,1e-06,10129,17247,12954,12954,2825,10129,0.2180793577273429,0.41270945671711023,4293,0.24891285440946254,159,63.704402515723274,17,64,141,0,18,122,7118,10129,62.396437,28.249439
room-occupancy-count.csv:A3:cq=0.5,room-occupancy-count.csv,external,A3,adaptive_linear,0.5,1e-06,10129,13771,11931,11931,1802,10129,0.15103511859860866,0.2644688112700603,1840,0.1336141166218866,80,126.6125,85,128,0,80,0,122,3642,10129,251.809265,9.899012
room-occupancy-count.csv:A4:cq=0.5,room-occupancy-count.csv,external,A4,adaptive_auto,0.5,1e-06,10129,13771,11611,11611,1482,10129,0.12763758504866074,0.2644688112700603,2160,0.1568513542952582,80,126.6125,85,128,66,0,14,122,3642,10129,303.681593,11.022561
room-occupancy-count.csv:A0:cq=1,room-occupancy-count.csv,external,A0,whole_linear,1.0,1e-06,10129,10295,10272,10272,143,10129,0.013921339563862928,0.016124332200097135,23,0.002234094220495364,1,10129.0,10129,10129,0,1,0,122,166,10129,34.843297,11.717174
room-occupancy-count.csv:A1:cq=1,room-occupancy-count.csv,external,A1,fixed_linear,1.0,1e-06,10129,17247,13590,13590,3461,10129,0.25467255334805006,0.41270945671711023,3657,0.21203687597843102,159,63.704402515723274,17,64,0,159,0,122,7118,10129,35.111488,11.121238
room-occupancy-count.csv:A2:cq=1,room-occupancy-count.csv,external,A2,fixed_auto,1.0,1e-06,10129,17247,12954,12954,2825,10129,0.2180793577273429,0.41270945671711023,4293,0.24891285440946254,159,63.704402515723274,17,64,140,0,19,122,7118,10129,64.129521,11.594612
room-occupancy-count.csv:A3:cq=1,room-occupancy-count.csv,external,A3,adaptive_linear,1.0,1e-06,10129,13771,11931,11931,1802,10129,0.15103511859860866,0.2644688112700603,1840,0.1336141166218866,80,126.6125,85,128,0,80,0,122,3642,10129,284.988825,10.945065
room-occupancy-count.csv:A4:cq=1,room-occupancy-count.csv,external,A4,adaptive_auto,1.0,1e-06,10129,13771,11611,11611,1482,10129,0.12763758504866074,0.2644688112700603,2160,0.1568513542952582,80,126.6125,85,128,67,0,13,122,3642,10129,294.898872,10.329325
room-occupancy-count.csv:A0:cq=2,room-occupancy-count.csv,external,A0,whole_linear,2.0,1e-06,10129,10295,10272,10272,143,10129,0.013921339563862928,0.016124332200097135,23,0.002234094220495364,1,10129.0,10129,10129,0,1,0,122,166,10129,66.483766,12.372387
room-occupancy-count.csv:A1:cq=2,room-occupancy-count.csv,external,A1,fixed_linear,2.0,1e-06,10129,17247,13590,13590,3461,10129,0.25467255334805006,0.41270945671711023,3657,0.21203687597843102,159,63.704402515723274,17,64,0,159,0,122,7118,10129,37.509633,10.935365
room-occupancy-count.csv:A2:cq=2,room-occupancy-count.csv,external,A2,fixed_auto,2.0,1e-06,10129,17247,12954,12954,2825,10129,0.2180793577273429,0.41270945671711023,4293,0.24891285440946254,159,63.704402515723274,17,64,139,0,20,122,7118,10129,62.14671,9.874859
room-occupancy-count.csv:A3:cq=2,room-occupancy-count.csv,external,A3,adaptive_linear,2.0,1e-06,10129,13771,11931,11931,1802,10129,0.15103511859860866,0.2644688112700603,1840,0.1336141166218866,80,126.6125,85,128,0,80,0,122,3642,10129,255.417169,10.16104
room-occupancy-count.csv:A4:cq=2,room-occupancy-count.csv,external,A4,adaptive_auto,2.0,1e-06,10129,13771,11611,11611,1482,10129,0.12763758504866074,0.2644688112700603,2160,0.1568513542952582,80,126.6125,85,128,64,0,16,122,3642,10129,276.655034,9.623478
room-occupancy-count.csv:A0:cq=4,room-occupancy-count.csv,external,A0,whole_linear,4.0,1e-06,10129,10295,10272,10272,143,10129,0.013921339563862928,0.016124332200097135,23,0.002234094220495364,1,10129.0,10129,10129,0,1,0,122,166,10129,32.609317,11.277466
room-occupancy-count.csv:A1:cq=4,room-occupancy-count.csv,external,A1,fixed_linear,4.0,1e-06,10129,17247,13590,13590,3461,10129,0.25467255334805006,0.41270945671711023,3657,0.21203687597843102,159,63.704402515723274,17,64,0,159,0,122,7118,10129,33.790255,10.479704
room-occupancy-count.csv:A2:cq=4,room-occupancy-count.csv,external,A2,fixed_auto,4.0,1e-06,10129,17247,12954,12954,2825,10129,0.2180793577273429,0.41270945671711023,4293,0.24891285440946254,159,63.704402515723274,17,64,140,0,19,122,7118,10129,62.60758,10.001958
room-occupancy-count.csv:A3:cq=4,room-occupancy-count.csv,external,A3,adaptive_linear,4.0,1e-06,10129,13771,11931,11931,1802,10129,0.15103511859860866,0.2644688112700603,1840,0.1336141166218866,80,126.6125,85,128,0,80,0,122,3642,10129,252.842639,10.055722
room-occupancy-count.csv:A4:cq=4,room-occupancy-count.csv,external,A4,adaptive_auto,4.0,1e-06,10129,13771,11611,11611,1482,10129,0.12763758504866074,0.2644688112700603,2160,0.1568513542952582,80,126.6125,85,128,64,0,16,122,3642,10129,272.590847,9.492139
tetouan-zone1-power.csv:A0:cq=0.0625,tetouan-zone1-power.csv,external,A0,whole_linear,0.0625,1e-06,52416,52582,52559,52559,143,52416,0.002720751916893396,0.0031569738693849607,23,0.0004374120421436478,1,52416.0,52416,52416,0,1,0,122,166,52416,169.050252,56.624459
tetouan-zone1-power.csv:A1:cq=0.0625,tetouan-zone1-power.csv,external,A1,fixed_linear,0.0625,1e-06,52416,88574,69737,69737,17321,52416,0.24837604141273642,0.4082236322171292,18837,0.21266963217196921,819,64.0,64,64,0,819,0,122,36158,52416,175.921729,54.778186
tetouan-zone1-power.csv:A2:cq=0.0625,tetouan-zone1-power.csv,external,A2,fixed_auto,0.0625,1e-06,52416,88792,67871,67871,15237,52634,0.22449941801358458,0.40722137129471125,20921,0.23561807370033339,819,64.0,64,64,20,298,501,122,36158,52634,351.102418,56.426379
tetouan-zone1-power.csv:A3:cq=0.0625,tetouan-zone1-power.csv,external,A3,adaptive_linear,0.0625,1e-06,52416,124624,86950,86950,34520,52430,0.39700977573317997,0.5792945179098729,37674,0.3023013223777121,1638,32.0,32,32,0,1638,0,122,72194,52430,230.389947,60.05324
tetouan-zone1-power.csv:A4:cq=0.0625,tetouan-zone1-power.csv,external,A4,adaptive_auto,0.0625,1e-06,52416,124701,84007,84007,31500,52507,0.3749687526039497,0.5789368168659433,40694,0.3263325875494182,1638,32.0,32,32,66,883,689,122,72194,52507,381.822801,60.532704
tetouan-zone1-power.csv:A0:cq=0.125,tetouan-zone1-power.csv,external,A0,whole_linear,0.125,1e-06,52416,52582,52559,52559,143,52416,0.002720751916893396,0.0031569738693849607,23,0.0004374120421436478,1,52416.0,52416,52416,0,1,0,122,166,52416,167.0746,56.410407
tetouan-zone1-power.csv:A1:cq=0.125,tetouan-zone1-power.csv,external,A1,fixed_linear,0.125,1e-06,52416,88574,69737,69737,17321,52416,0.24837604141273642,0.4082236322171292,18837,0.21266963217196921,819,64.0,64,64,0,819,0,122,36158,52416,176.224148,54.605545
tetouan-zone1-power.csv:A2:cq=0.125,tetouan-zone1-power.csv,external,A2,fixed_auto,0.125,1e-06,52416,88574,67665,67665,15249,52416,0.22536023054755044,0.4082236322171292,20909,0.2360625014112494,819,64.0,64,64,16,301,502,122,36158,52416,331.258058,55.956064
tetouan-zone1-power.csv:A3:cq=0.125,tetouan-zone1-power.csv,external,A3,adaptive_linear,0.125,1e-06,52416,124610,86936,86936,34520,52416,0.3970737093954173,0.5793596019581093,37674,0.30233528609260896,1638,32.0,32,32,0,1638,0,122,72194,52416,215.220744,59.702701
tetouan-zone1-power.csv:A4:cq=0.125,tetouan-zone1-power.csv,external,A4,adaptive_auto,0.125,1e-06,52416,124610,83672,83672,31256,52416,0.3735538770436944,0.5793596019581093,40938,0.3285290105127999,1638,32.0,32,32,83,822,733,122,72194,52416,378.830444,59.610659
tetouan-zone1-power.csv:A0:cq=0.25,tetouan-zone1-power.csv,external,A0,whole_linear,0.25,1e-06,52416,52582,52559,52559,143,52416,0.002720751916893396,0.0031569738693849607,23,0.0004374120421436478,1,52416.0,52416,52416,0,1,0,122,166,52416,166.44571,55.493558
tetouan-zone1-power.csv:A1:cq=0.25,tetouan-zone1-power.csv,external,A1,fixed_linear,0.25,1e-06,52416,88574,69737,69737,17321,52416,0.24837604141273642,0.4082236322171292,18837,0.21266963217196921,819,64.0,64,64,0,819,0,122,36158,52416,173.397371,54.192849
tetouan-zone1-power.csv:A2:cq=0.25,tetouan-zone1-power.csv,external,A2,fixed_auto,0.25,1e-06,52416,88574,67629,67629,15213,52416,0.22494787738987712,0.4082236322171292,20945,0.23646894122428708,819,64.0,64,64,21,292,506,122,36158,52416,325.915008,55.221733
tetouan-zone1-power.csv:A3:cq=0.25,tetouan-zone1-power.csv,external,A3,adaptive_linear,0.25,1e-06,52416,124610,86936,86936,34520,52416,0.3970737093954173,0.5793596019581093,37674,0.30233528609260896,1638,32.0,32,32,0,1638,0,122,72194,52416,211.871342,58.925128
tetouan-zone1-power.csv:A4:cq=0.25,tetouan-zone1-power.csv,external,A4,adaptive_auto,0.25,1e-06,52416,124610,83792,83792,31376,52416,0.37445102157723886,0.5793596019581093,40818,0.32756600593852825,1638,32.0,32,32,75,852,711,122,72194,52416,376.146997,59.296006
tetouan-zone1-power.csv:A0:cq=0.5,tetouan-zone1-power.csv,external,A0,whole_linear,0.5,1e-06,52416,52582,52559,52559,143,52416,0.002720751916893396,0.0031569738693849607,23,0.0004374120421436478,1,52416.0,52416,52416,0,1,0,122,166,52416,165.856426,56.057282
tetouan-zone1-power.csv:A1:cq=0.5,tetouan-zone1-power.csv,external,A1,fixed_linear,0.5,1e-06,52416,88574,69737,69737,17321,52416,0.24837604141273642,0.4082236322171292,18837,0.21266963217196921,819,64.0,64,64,0,819,0,122,36158,52416,172.637443,53.780672
tetouan-zone1-power.csv:A2:cq=0.5,tetouan-zone1-power.csv,external,A2,fixed_auto,0.5,1e-06,52416,88574,67557,67557,15141,52416,0.22412185265775567,0.4082236322171292,21017,0.23728182085036242,819,64.0,64,64,22,274,523,122,36158,52416,327.318996,54.676275
tetouan-zone1-power.csv:A3:cq=0.5,tetouan-zone1-power.csv,external,A3,adaptive_linear,0.5,1e-06,52416,124610,86936,86936,34520,52416,0.3970737093954173,0.5793596019581093,37674,0.30233528609260896,1638,32.0,32,32,0,1638,0,122,72194,52416,210.383442,58.755765
tetouan-zone1-power.csv:A4:cq=0.5,tetouan-zone1-power.csv,external,A4,adaptive_auto,0.5,1e-06,52416,124610,83792,83792,31376,52416,0.37445102157723886,0.5793596019581093,40818,0.32756600593852825,1638,32.0,32,32,70,852,716,122,72194,52416,374.456349,59.036453
tetouan-zone1-power.csv:A0:cq=1,tetouan-zone1-power.csv,external,A0,whole_linear,1.0,1e-06,52416,52582,52559,52559,143,52416,0.002720751916893396,0.0031569738693849607,23,0.0004374120421436478,1,52416.0,52416,52416,0,1,0,122,166,52416,164.579762,55.677057
tetouan-zone1-power.csv:A1:cq=1,tetouan-zone1-power.csv,external,A1,fixed_linear,1.0,1e-06,52416,88574,69737,69737,17321,52416,0.24837604141273642,0.4082236322171292,18837,0.21266963217196921,819,64.0,64,64,0,819,0,122,36158,52416,172.53186,53.951278
tetouan-zone1-power.csv:A2:cq=1,tetouan-zone1-power.csv,external,A2,fixed_auto,1.0,1e-06,52416,88574,67705,67705,15289,52416,0.2258178864190237,0.4082236322171292,20869,0.23561090161898524,819,64.0,64,64,27,311,481,122,36158,52416,322.976749,54.493997
tetouan-zone1-power.csv:A3:cq=1,tetouan-zone1-power.csv,external,A3,adaptive_linear,1.0,1e-06,52416,124610,86936,86936,34520,52416,0.3970737093954173,0.5793596019581093,37674,0.30233528609260896,1638,32.0,32,32,0,1638,0,122,72194,52416,211.960716,59.081045
tetouan-zone1-power.csv:A4:cq=1,tetouan-zone1-power.csv,external,A4,adaptive_auto,1.0,1e-06,52416,124610,83692,83692,31276,52416,0.3737035797925728,0.5793596019581093,40918,0.3283685097504213,1638,32.0,32,32,83,827,728,122,72194,52416,374.435708,59.520124
tetouan-zone1-power.csv:A0:cq=2,tetouan-zone1-power.csv,external,A0,whole_linear,2.0,1e-06,52416,52582,52559,52559,143,52416,0.002720751916893396,0.0031569738693849607,23,0.0004374120421436478,1,52416.0,52416,52416,0,1,0,122,166,52416,167.016475,56.183122
tetouan-zone1-power.csv:A1:cq=2,tetouan-zone1-power.csv,external,A1,fixed_linear,2.0,1e-06,52416,88574,69737,69737,17321,52416,0.24837604141273642,0.4082236322171292,18837,0.21266963217196921,819,64.0,64,64,0,819,0,122,36158,52416,172.908208,54.911532
tetouan-zone1-power.csv:A2:cq=2,tetouan-zone1-power.csv,external,A2,fixed_auto,2.0,1e-06,52416,88574,67593,67593,15177,52416,0.22453508499400826,0.4082236322171292,20981,0.23687538103732475,819,64.0,64,64,40,283,496,122,36158,52416,324.111064,53.918437
tetouan-zone1-power.csv:A3:cq=2,tetouan-zone1-power.csv,external,A3,adaptive_linear,2.0,1e-06,52416,124610,86936,86936,34520,52416,0.3970737093954173,0.5793596019581093,37674,0.30233528609260896,1638,32.0,32,32,0,1638,0,122,72194,52416,210.840154,58.717753
tetouan-zone1-power.csv:A4:cq=2,tetouan-zone1-power.csv,external,A4,adaptive_auto,2.0,1e-06,52416,124610,83408,83408,30992,52416,0.371571072319202,0.5793596019581093,41202,0.3306476205761978,1638,32.0,32,32,84,756,798,122,72194,52416,371.963042,58.705049
tetouan-zone1-power.csv:A0:cq=4,tetouan-zone1-power.csv,external,A0,whole_linear,4.0,1e-06,52416,52582,52559,52559,143,52416,0.002720751916893396,0.0031569738693849607,23,0.0004374120421436478,1,52416.0,52416,52416,0,1,0,122,166,52416,163.278531,55.231457
tetouan-zone1-power.csv:A1:cq=4,tetouan-zone1-power.csv,external,A1,fixed_linear,4.0,1e-06,52416,88574,69737,69737,17321,52416,0.24837604141273642,0.4082236322171292,18837,0.21266963217196921,819,64.0,64,64,0,819,0,122,36158,52416,223.994736,54.160225
tetouan-zone1-power.csv:A2:cq=4,tetouan-zone1-power.csv,external,A2,fixed_auto,4.0,1e-06,52416,88574,68921,68921,16505,52416,0.2394770824567258,0.4082236322171292,19653,0.22188226793415677,819,64.0,64,64,44,615,160,122,36158,52416,323.416097,53.368994
tetouan-zone1-power.csv:A3:cq=4,tetouan-zone1-power.csv,external,A3,adaptive_linear,4.0,1e-06,52416,124610,86936,86936,34520,52416,0.3970737093954173,0.5793596019581093,37674,0.30233528609260896,1638,32.0,32,32,0,1638,0,122,72194,52416,209.409791,57.919005
tetouan-zone1-power.csv:A4:cq=4,tetouan-zone1-power.csv,external,A4,adaptive_auto,4.0,1e-06,52416,124610,85180,85180,32764,52416,0.3846442826954684,0.5793596019581093,39430,0.31642725302945185,1638,32.0,32,32,52,1199,387,122,72194,52416,370.962923,58.242791
