evidence_group,dataset,predictor,base_residual_codec,n_samples,block_count,source_payload_bytes,current_v2_total_bytes,huffman_forced_bytes,huffman_forced_delta,huffman_win_blocks,huffman_tie_blocks,huffman_loss_blocks,huffman_selective_gross_bytes,huffman_selector_bytes,huffman_selective_bytes,huffman_selective_delta,huffman_projected_total_bytes,huffman_projected_total_delta,deflate_forced_bytes,deflate_forced_delta,deflate_win_blocks,deflate_tie_blocks,deflate_loss_blocks,deflate_selective_gross_bytes,deflate_selector_bytes,deflate_selective_bytes,deflate_selective_delta,deflate_projected_total_bytes,deflate_projected_total_delta,huffman_encode_median_ms,huffman_decode_median_ms,deflate_encode_median_ms,deflate_decode_median_ms
internal,trend.csv,auto,varint,200,2,200,406,41,-159,2,0,0,41,2,43,-157,249,-157,20,-180,2,0,0,20,2,22,-178,228,-178,0.042853,0.057673,0.089288,0.003154
internal,trend.csv,auto,zero-run,200,2,5,211,24,19,0,0,2,5,2,7,2,213,2,17,12,0,0,2,5,2,7,2,213,2,0.025711,0.010043,0.088751,0.002876
internal,trend.csv,mean,varint,200,7,200,626,499,299,0,0,7,200,7,207,7,633,7,242,42,0,0,7,200,7,207,7,633,7,,,,
internal,trend.csv,mean,varint,200,7,200,626,499,299,0,0,7,200,7,207,7,633,7,242,42,0,0,7,200,7,207,7,633,7,,,,
internal,trend.csv,linear,varint,200,2,200,406,41,-159,2,0,0,41,2,43,-157,249,-157,20,-180,2,0,0,20,2,22,-178,228,-178,,,,
internal,trend.csv,linear,zero-run,200,2,5,211,24,19,0,0,2,5,2,7,2,213,2,17,12,0,0,2,5,2,7,2,213,2,,,,
internal,trend.csv,rw,varint,200,2,398,604,99,-299,2,0,0,99,2,101,-297,307,-297,22,-376,2,0,0,22,2,24,-374,230,-374,,,,
internal,trend.csv,rw,varint,200,2,398,604,99,-299,2,0,0,99,2,101,-297,307,-297,22,-376,2,0,0,22,2,24,-374,230,-374,,,,
internal,sine_noise.csv,auto,varint,300,6,300,682,466,166,0,0,6,300,6,306,6,688,6,319,19,0,1,5,300,6,306,6,688,6,0.837595,0.372791,0.283719,0.01405
internal,sine_noise.csv,auto,varint,300,6,300,682,466,166,0,0,6,300,6,306,6,688,6,319,19,0,1,5,300,6,306,6,688,6,0.857204,0.403303,0.296136,0.014478
internal,sine_noise.csv,mean,varint,300,8,300,770,524,224,0,0,8,300,8,308,8,778,8,333,33,0,0,8,300,8,308,8,778,8,,,,
internal,sine_noise.csv,mean,varint,300,8,300,770,524,224,0,0,8,300,8,308,8,778,8,333,33,0,0,8,300,8,308,8,778,8,,,,
internal,sine_noise.csv,linear,varint,300,6,300,682,464,164,0,0,6,300,6,306,6,688,6,318,18,1,0,5,299,6,305,5,687,5,,,,
internal,sine_noise.csv,linear,varint,300,6,300,682,464,164,0,0,6,300,6,306,6,688,6,318,18,1,0,5,299,6,305,5,687,5,,,,
internal,sine_noise.csv,rw,varint,300,3,300,550,382,82,0,0,3,300,3,303,3,553,3,265,-35,2,0,1,259,3,262,-38,512,-38,,,,
internal,sine_noise.csv,rw,varint,300,3,300,550,382,82,0,0,3,300,3,303,3,553,3,265,-35,2,0,1,259,3,262,-38,512,-38,,,,
internal,flat_spike.csv,auto,varint,300,4,300,594,430,130,0,0,4,300,4,304,4,598,4,283,-17,2,0,2,271,4,275,-25,569,-25,0.77873,0.390519,0.20784,0.009723
internal,flat_spike.csv,auto,varint,300,4,300,594,430,130,0,0,4,300,4,304,4,598,4,283,-17,2,0,2,271,4,275,-25,569,-25,0.884413,0.385733,0.201054,0.009179
internal,flat_spike.csv,mean,varint,300,4,300,594,366,66,1,0,3,298,4,302,2,596,2,260,-40,3,0,1,258,4,262,-38,556,-38,,,,
internal,flat_spike.csv,mean,varint,300,4,300,594,366,66,1,0,3,298,4,302,2,596,2,260,-40,3,0,1,258,4,262,-38,556,-38,,,,
internal,flat_spike.csv,linear,varint,300,4,300,594,435,135,0,0,4,300,4,304,4,598,4,284,-16,2,0,2,272,4,276,-24,570,-24,,,,
internal,flat_spike.csv,linear,varint,300,4,300,594,435,135,0,0,4,300,4,304,4,598,4,284,-16,2,0,2,272,4,276,-24,570,-24,,,,
internal,flat_spike.csv,rw,varint,300,4,300,594,372,72,0,1,3,300,4,304,4,598,4,258,-42,4,0,0,258,4,262,-38,556,-38,,,,
internal,flat_spike.csv,rw,zero-run,300,4,272,566,372,100,0,0,4,272,4,276,4,570,4,257,-15,2,0,2,245,4,249,-23,543,-23,,,,
real-world,appliances-energy.csv,auto,varint,19735,617,19735,47001,26942,7207,182,8,427,18554,617,19171,-564,46437,-564,21132,1397,135,38,444,19322,617,19939,204,47205,204,68.620149,20.164122,4.1253,1.066161
real-world,appliances-energy.csv,auto,zero-run,19735,617,19348,46614,27563,8215,120,9,488,18632,617,19249,-99,46515,-99,21129,1781,93,27,497,19077,617,19694,346,46960,346,48.830359,19.335839,4.003475,0.96934
real-world,appliances-energy.csv,mean,varint,19735,617,19735,47001,21758,2023,256,21,340,17963,617,18580,-1155,45846,-1155,19809,74,249,69,299,18893,617,19510,-225,46776,-225,,,,
real-world,appliances-energy.csv,mean,zero-run,19735,617,19585,46851,21989,2404,236,21,360,17999,617,18616,-969,45882,-969,19810,225,231,72,314,18821,617,19438,-147,46704,-147,,,,
real-world,appliances-energy.csv,linear,varint,19735,617,19735,47001,32744,13009,27,0,590,19583,617,20200,465,47466,465,22287,2552,36,10,571,19651,617,20268,533,47534,533,,,,
real-world,appliances-energy.csv,linear,zero-run,19735,617,19634,46900,32856,13222,25,0,592,19492,617,20109,475,47375,475,22228,2594,34,8,575,19551,617,20168,534,47434,534,,,,
real-world,appliances-energy.csv,rw,varint,19735,617,19735,47001,21921,2186,278,18,321,18205,617,18822,-913,46088,-913,20621,886,153,76,388,19343,617,19960,225,47226,225,,,,
real-world,appliances-energy.csv,rw,zero-run,19735,617,18737,46003,23671,4934,115,20,482,18304,617,18921,184,46187,184,20654,1917,48,34,535,18629,617,19246,509,46512,509,,,,
real-world,metro-traffic.csv,auto,varint,48204,1507,48204,114630,86713,38509,5,1,1501,48194,1507,49701,1497,116127,1497,55763,7559,21,9,1477,48150,1507,49657,1453,116083,1453,168.333784,59.790223,9.789685,2.193624
real-world,metro-traffic.csv,auto,zero-run,48204,1507,47834,114260,87291,39457,1,0,1506,47831,1507,49338,1504,115764,1504,55701,7867,8,7,1492,47812,1507,49319,1485,115745,1485,167.949178,59.474021,9.729478,2.165055
real-world,metro-traffic.csv,mean,varint,48204,1507,48204,114630,82176,33972,2,1,1504,48200,1507,49707,1503,116133,1503,54574,6370,72,37,1398,48031,1507,49538,1334,115964,1334,,,,
real-world,metro-traffic.csv,mean,zero-run,48204,1507,48088,114514,82261,34173,2,1,1504,48084,1507,49591,1503,116017,1503,54504,6416,66,39,1402,47929,1507,49436,1348,115862,1348,,,,
real-world,metro-traffic.csv,linear,varint,48204,1507,48204,114630,89531,41327,0,0,1507,48204,1507,49711,1507,116137,1507,56047,7843,6,5,1496,48191,1507,49698,1494,116124,1494,,,,
real-world,metro-traffic.csv,linear,zero-run,48204,1507,48157,114583,89590,41433,0,0,1507,48157,1507,49664,1507,116090,1507,56030,7873,4,5,1498,48146,1507,49653,1496,116079,1496,,,,
real-world,metro-traffic.csv,rw,varint,48204,1507,48204,114630,84486,36282,4,4,1499,48197,1507,49704,1500,116130,1500,55947,7743,19,15,1473,48155,1507,49662,1458,116088,1458,,,,
real-world,metro-traffic.csv,rw,zero-run,48204,1507,47462,113888,85773,38311,0,0,1507,47462,1507,48969,1507,115395,1507,55816,8354,3,3,1501,47458,1507,48965,1503,115391,1503,,,,
real-world,beijing-pm25.csv,auto,varint,34139,1067,34139,81205,63542,29403,3,1,1063,34130,1067,35197,1058,82263,1058,40015,5876,5,3,1059,34121,1067,35188,1049,82254,1049,124.348403,43.531844,7.060856,1.59698
real-world,beijing-pm25.csv,auto,zero-run,34139,1067,34062,81128,63625,29563,1,1,1065,34055,1067,35122,1060,82188,1060,39994,5932,2,3,1062,34054,1067,35121,1059,82187,1059,123.142495,43.622498,6.894426,1.540285
real-world,beijing-pm25.csv,mean,varint,34139,1067,34139,81205,59292,25153,11,6,1050,34101,1067,35168,1029,82234,1029,38917,4778,55,19,993,33917,1067,34984,845,82050,845,,,,
real-world,beijing-pm25.csv,mean,zero-run,34139,1067,34107,81173,59337,25230,11,6,1050,34069,1067,35136,1029,82202,1029,38902,4795,55,19,993,33885,1067,34952,845,82018,845,,,,
real-world,beijing-pm25.csv,linear,varint,34139,1067,34139,81205,64888,30749,1,0,1066,34138,1067,35205,1066,82271,1066,40059,5920,2,1,1064,34127,1067,35194,1055,82260,1055,,,,
real-world,beijing-pm25.csv,linear,zero-run,34139,1067,34106,81172,64913,30807,0,0,1067,34106,1067,35173,1067,82239,1067,40042,5936,1,1,1065,34101,1067,35168,1062,82234,1062,,,,
real-world,beijing-pm25.csv,rw,varint,34139,1067,34139,81205,59276,25137,5,2,1060,34127,1067,35194,1055,82260,1055,40040,5901,10,5,1052,34102,1067,35169,1030,82235,1030,,,,
real-world,beijing-pm25.csv,rw,zero-run,34139,1067,33907,80973,59562,25655,1,1,1065,33906,1067,34973,1066,82039,1066,39989,6082,0,2,1065,33907,1067,34974,1067,82040,1067,,,,
