dataset,codec,comparison_class,implementation,implementation_version,configuration,n_samples,raw_bytes,encoded_bytes,bits_per_sample,compression_ratio,rmse,max_abs_error,encode_time_ms,decode_time_ms
trend.csv,raw,lossless,python-struct,3.12.3,float64_le,200,1600,1600,64.000000000,1.000000000,0,0,0.003314000,0.010757000
trend.csv,gzip,lossless,python-gzip,1.3,level_9_mtime_0,200,1600,460,18.400000000,3.478260870,0,0,0.070861000,0.018187000
trend.csv,zstd,lossless,zstd-cli,"*** Zstandard CLI (64-bit) v1.5.5, by Yann Collet ***",cli_default,200,1600,375,15.000000000,4.266666667,0,0,2.452760000,1.784384000
trend.csv,gorilla,lossless,gorillacompression,1.0.2,values_only_f64_canonical_frame,200,1600,1634,65.360000000,0.979192166,0,0,0.324859000,0.585033000
trend.csv,lasagna,lossy,lasagna-v2,0.3.0,fixed_mean_raw,200,1600,1090,43.600000000,1.467889908,0.258312233816,0.450000190735,0.191071000,0.050529000
trend.csv,lasagna,lossy,lasagna-v2,0.3.0,fixed_linear_raw,200,1600,1090,43.600000000,1.467889908,1.6774897675e-07,2.84612177381e-07,0.207576000,0.056501000
trend.csv,lasagna,lossy,lasagna-v2,0.3.0,fixed_rw_raw,200,1600,1090,43.600000000,1.467889908,0.0280703339339,0.0494127005339,0.384494000,0.066001000
trend.csv,lasagna,lossy,lasagna-v2,0.3.0,fixed_mean_varint,200,1600,490,19.600000000,3.265306122,0.258312233816,0.450000190735,0.280709000,0.106448000
trend.csv,lasagna,lossy,lasagna-v2,0.3.0,fixed_linear_varint,200,1600,490,19.600000000,3.265306122,1.6774897675e-07,2.84612177381e-07,0.298521000,0.114373000
trend.csv,lasagna,lossy,lasagna-v2,0.3.0,fixed_rw_varint,200,1600,490,19.600000000,3.265306122,0.0280703339339,0.0494127005339,0.297345000,0.113867000
trend.csv,lasagna,lossy,lasagna-v2,0.3.0,adaptive_mean_varint,200,1600,622,24.880000000,2.572347267,0.129811550404,0.226691496372,0.404648000,0.123778000
trend.csv,lasagna,lossy,lasagna-v2,0.3.0,adaptive_linear_varint,200,1600,402,16.080000000,3.980099502,1.71418414421e-07,2.96533105626e-07,4.270435000,0.110340000
trend.csv,lasagna,lossy,lasagna-v2,0.3.0,adaptive_rw_varint,200,1600,402,16.080000000,3.980099502,0.0745284149268,0.15859290557,4.019145000,0.171693000
trend.csv,lasagna,lossy,lasagna-v2,0.3.0,adaptive_auto_varint,200,1600,402,16.080000000,3.980099502,1.71418414421e-07,2.96533105626e-07,4.457076000,0.115874000
sine_noise.csv,raw,lossless,python-struct,3.12.3,float64_le,300,2400,2400,64.000000000,1.000000000,0,0,0.004455000,0.006159000
sine_noise.csv,gzip,lossless,python-gzip,1.3,level_9_mtime_0,300,2400,2353,62.746666667,1.019974501,0,0,0.097238000,0.024532000
sine_noise.csv,zstd,lossless,zstd-cli,"*** Zstandard CLI (64-bit) v1.5.5, by Yann Collet ***",cli_default,300,2400,2345,62.533333333,1.023454158,0,0,1.899300000,1.358272000
sine_noise.csv,gorilla,lossless,gorillacompression,1.0.2,values_only_f64_canonical_frame,300,2400,2480,66.133333333,0.967741935,0,0,0.479047000,0.858704000
sine_noise.csv,lasagna,lossy,lasagna-v2,0.3.0,fixed_mean_raw,300,2400,1534,40.906666667,1.564537158,0.0969860998839,0.180166046345,0.278471000,0.071716000
sine_noise.csv,lasagna,lossy,lasagna-v2,0.3.0,fixed_linear_raw,300,2400,1534,40.906666667,1.564537158,0.0892330664908,0.182828235942,0.300230000,0.077772000
sine_noise.csv,lasagna,lossy,lasagna-v2,0.3.0,fixed_rw_raw,300,2400,1534,40.906666667,1.564537158,0.142471494638,0.393202070273,0.291283000,0.073263000
sine_noise.csv,lasagna,lossy,lasagna-v2,0.3.0,fixed_mean_varint,300,2400,634,16.906666667,3.785488959,0.0969860998839,0.180166046345,0.486836000,0.160402000
sine_noise.csv,lasagna,lossy,lasagna-v2,0.3.0,fixed_linear_varint,300,2400,634,16.906666667,3.785488959,0.0892330664908,0.182828235942,0.438250000,0.165679000
sine_noise.csv,lasagna,lossy,lasagna-v2,0.3.0,fixed_rw_varint,300,2400,634,16.906666667,3.785488959,0.142471494638,0.393202070273,0.570773000,0.164180000
sine_noise.csv,lasagna,lossy,lasagna-v2,0.3.0,adaptive_mean_varint,300,2400,766,20.426666667,3.133159269,0.10373818548,0.192529869584,1.704410000,0.167434000
sine_noise.csv,lasagna,lossy,lasagna-v2,0.3.0,adaptive_linear_varint,300,2400,678,18.080000000,3.539823009,0.0995883116595,0.175326193145,2.623594000,0.172672000
sine_noise.csv,lasagna,lossy,lasagna-v2,0.3.0,adaptive_rw_varint,300,2400,546,14.560000000,4.395604396,0.148390708116,0.391169280432,8.650926000,0.180989000
sine_noise.csv,lasagna,lossy,lasagna-v2,0.3.0,adaptive_auto_varint,300,2400,678,18.080000000,3.539823009,0.0831633437504,0.18020470504,3.435763000,0.197682000
flat_spike.csv,raw,lossless,python-struct,3.12.3,float64_le,300,2400,2400,64.000000000,1.000000000,0,0,0.005055000,0.009485000
flat_spike.csv,gzip,lossless,python-gzip,1.3,level_9_mtime_0,300,2400,2369,63.173333333,1.013085690,0,0,0.082228000,0.022851000
flat_spike.csv,zstd,lossless,zstd-cli,"*** Zstandard CLI (64-bit) v1.5.5, by Yann Collet ***",cli_default,300,2400,2365,63.066666667,1.014799154,0,0,3.470374000,1.792265000
flat_spike.csv,gorilla,lossless,gorillacompression,1.0.2,values_only_f64_canonical_frame,300,2400,2498,66.613333333,0.960768615,0,0,0.476427000,1.251502000
flat_spike.csv,lasagna,lossy,lasagna-v2,0.3.0,fixed_mean_raw,300,2400,1534,40.906666667,1.564537158,0.136843027419,0.657151703609,0.290163000,0.071808000
flat_spike.csv,lasagna,lossy,lasagna-v2,0.3.0,fixed_linear_raw,300,2400,1534,40.906666667,1.564537158,0.17831847573,0.643853647448,0.319553000,0.080317000
flat_spike.csv,lasagna,lossy,lasagna-v2,0.3.0,fixed_rw_raw,300,2400,1534,40.906666667,1.564537158,0.142346422706,0.662916043211,0.566488000,0.098436000
flat_spike.csv,lasagna,lossy,lasagna-v2,0.3.0,fixed_mean_varint,300,2400,634,16.906666667,3.785488959,0.136843027419,0.657151703609,0.870711000,0.318777000
flat_spike.csv,lasagna,lossy,lasagna-v2,0.3.0,fixed_linear_varint,300,2400,634,16.906666667,3.785488959,0.17831847573,0.643853647448,0.500536000,0.168773000
flat_spike.csv,lasagna,lossy,lasagna-v2,0.3.0,fixed_rw_varint,300,2400,634,16.906666667,3.785488959,0.142346422706,0.662916043211,0.882079000,0.356867000
flat_spike.csv,lasagna,lossy,lasagna-v2,0.3.0,adaptive_mean_varint,300,2400,590,15.733333333,4.067796610,0.192797098412,0.622249617981,5.266530000,0.165445000
flat_spike.csv,lasagna,lossy,lasagna-v2,0.3.0,adaptive_linear_varint,300,2400,590,15.733333333,4.067796610,0.105944802971,0.414831347198,6.136111000,0.166059000
flat_spike.csv,lasagna,lossy,lasagna-v2,0.3.0,adaptive_rw_varint,300,2400,590,15.733333333,4.067796610,0.173164941979,0.775953691776,5.637777000,0.288005000
flat_spike.csv,lasagna,lossy,lasagna-v2,0.3.0,adaptive_auto_varint,300,2400,590,15.733333333,4.067796610,0.0911111324764,0.587404639863,6.996265000,0.161372000
