codec,signal,n_samples,segment_count,encoded_bytes,encode_median_ms,decode_median_ms,encode_samples_per_second,decode_samples_per_second,encode_raw_mib_per_second,decode_raw_mib_per_second,encode_traced_peak_bytes,decode_traced_peak_bytes,encode_peak_rss_kib,decode_peak_rss_kib
v2,trend,10000,79,13590,256.745797,4.848128,38949.030974789435,2062651.8111733024,0.2971575239165454,15.7367844480385,253573,466351,18688,19836
v2,trend,100000,782,134522,2711.300465,63.150386,36882.66988144378,1583521.5955766288,0.28139243989138624,12.081311001408606,3106896,5238351,29048,39796
v2,trend,1000000,7813,1672014,31199.815015,957.350196,32051.4720846655,1044549.8462090461,0.244533325841259,7.969282884285325,39241414,60773471,159692,278156
v2,sine_noise,10000,84,13810,254.836502,5.304722,39240.84627405535,1885112.9239194817,0.29938389796489984,14.382270232539991,456048,565710,19456,20352
v2,sine_noise,100000,834,136810,2880.134148,61.833853,34720.60496537677,1617237.0820883506,0.2648971936445371,12.338539749819569,4490881,5617975,35396,44580
v2,sine_noise,1000000,8334,1366810,31099.646071,669.741712,32154.70676794893,1493112.9151472053,0.24532094396933693,11.391547509362834,44549762,56147038,176860,262124
v2,regime_spike,10000,108,14867,208.053479,4.989358,48064.56516884296,2004265.8794979234,0.3667035306460797,15.291335140212428,333004,507439,18944,19968
v2,regime_spike,100000,1119,149364,2258.542207,55.954213,44276.347676862344,1787175.525102998,0.3378017248295772,13.63506717760466,3501762,5155279,28372,38132
v2,regime_spike,1000000,11218,1493847,30986.167653,597.927456,32272.464642886636,1672443.6885534155,0.2462193652563983,12.759732731273006,34737365,51613346,120460,230884
v1,trend,10000,79,16118,255.301965,4.68388,39169.30290763723,2134982.108849928,0.29883806539640223,16.28862082557623,148990,433617,18560,19712
v1,trend,100000,782,159546,2839.569076,49.281971,35216.61115596682,2029139.6218710488,0.268681420562491,15.481106734245673,1447878,4304357,24320,37288
v1,sine_noise,10000,84,16498,316.3243,6.147943,31613.126149334716,1626560.2982981463,0.24118901175945065,12.409670244584246,160083,441944,18560,19840
v1,sine_noise,100000,834,163498,3465.207928,49.882762,28858.29712900276,2004700.5416420207,0.22017133429720123,15.294651349197546,1558267,4390733,24576,37788
v1,regime_spike,10000,108,18322,240.699317,6.385989,41545.61020212617,1565928.1592874648,0.3169678512735456,11.947083734798163,166750,445079,18560,19584
v1,regime_spike,100000,1119,185158,2663.896339,60.838494,37538.998247033516,1643696.1769632234,0.28639982793452085,12.540406623559749,1655572,4446073,23296,36388
