dataset,evidence_group,predictor,candidate_class,n_samples,segment_count,eligible_segment_count,fallback_segment_count,projected_metadata_bytes,residual_payload_bytes,projected_total_bytes,bits_per_sample,rmse,max_abs_error,fit_time_ms,decode_simulation_time_ms
trend.csv,internal,mean,baseline,200,2,2,0,64,200,264,10.56,0.11648093762357926,0.2305273163816377,0.007576,0.015699
trend.csv,internal,linear,baseline,200,2,2,0,72,200,272,10.88,1.6668014669169434e-15,3.552713678800501e-15,0.057054,0.014122
trend.csv,internal,random_walk,baseline,200,2,2,0,64,398,462,18.48,0.015606650535193379,0.037248072066780935,0.19227899999999998,0.015619000000000001
trend.csv,internal,median,candidate,200,2,2,0,64,200,264,10.56,0.11648093762357926,0.2305273163816377,0.012274,0.014168
trend.csv,internal,quadratic,candidate,200,2,2,0,80,200,280,11.2,8.794464262463823e-15,3.019806626980426e-14,0.13888499999999998,0.017259
trend.csv,internal,ar1,candidate,200,2,2,0,80,200,280,11.2,5.3972898183156063e-14,1.0835776720341528e-13,0.21986299999999998,0.018638000000000002
trend.csv,internal,lag24,candidate,200,2,2,0,248,608,856,34.24,1.0653514102805379e-15,3.552713678800501e-15,0.185843,0.018067
sine_noise.csv,internal,mean,baseline,300,6,6,0,192,300,492,13.12,0.02607409425548427,0.04487322501261193,0.019726999999999998,0.029283
sine_noise.csv,internal,linear,baseline,300,6,6,0,216,300,516,13.76,0.024740084356666428,0.04415737955389509,0.11242800000000001,0.025651999999999998
sine_noise.csv,internal,random_walk,baseline,300,6,6,0,192,300,492,13.12,0.04726931707388673,0.10074179400679573,0.306952,0.026463000000000004
sine_noise.csv,internal,median,candidate,300,6,6,0,192,300,492,13.12,0.02602741217980824,0.045372283230455196,0.04066,0.023517
sine_noise.csv,internal,quadratic,candidate,300,6,6,0,240,300,540,14.4,0.012018766411197538,0.03289566193731808,0.3410639999999999,0.028538
sine_noise.csv,internal,ar1,candidate,300,6,6,0,240,300,540,14.4,0.020783734937361596,0.06635227000980382,0.41514599999999996,0.030475999999999996
sine_noise.csv,internal,lag24,candidate,300,6,6,0,744,156,900,24.0,0.03371517447339804,0.09522879405001838,0.166635,0.026954
flat_spike.csv,internal,mean,baseline,300,4,4,0,128,300,428,11.413333333333334,0.0500001863051787,0.15751543757597086,0.010565,0.023864
flat_spike.csv,internal,linear,baseline,300,4,4,0,144,300,444,11.84,0.027054715541576194,0.10459935709596468,0.08843000000000001,0.023134000000000002
flat_spike.csv,internal,random_walk,baseline,300,4,4,0,128,300,428,11.413333333333334,0.030830623220651592,0.19973134178734497,0.26327999999999996,0.023911
flat_spike.csv,internal,median,candidate,300,4,4,0,128,300,428,11.413333333333334,0.03325111187584403,0.15377777179052732,0.032157,0.022796999999999998
flat_spike.csv,internal,quadratic,candidate,300,4,4,0,160,300,460,12.266666666666667,0.024382028037774655,0.09342252457715361,0.211423,0.022365
flat_spike.csv,internal,ar1,candidate,300,4,4,0,160,300,460,12.266666666666667,0.029521134369297465,0.18810093500644687,0.337042,0.027888999999999997
flat_spike.csv,internal,lag24,candidate,300,4,4,0,496,207,703,18.746666666666666,0.006051457708140767,0.04483351198502858,0.185065,0.024528
appliances-energy.csv,real-world,mean,baseline,19735,617,617,0,19744,19735,39479,16.00364834051178,3.0266337114355615,15.059509633455491,0.8585889999999996,1.6399630000000003
appliances-energy.csv,real-world,linear,baseline,19735,617,617,0,22212,19735,41947,17.004104383075752,2.7199748389146574,14.585016207125278,7.347216000000001,1.6670190000000014
appliances-energy.csv,real-world,random_walk,baseline,19735,617,617,0,19744,19735,39479,16.00364834051178,9.462123742604742,100.30782457337,18.699213000000015,1.767530000000001
appliances-energy.csv,real-world,median,candidate,19735,617,617,0,19744,19735,39479,16.00364834051178,2.904461592871235,15.0,2.0872190000000006,1.598042
appliances-energy.csv,real-world,quadratic,candidate,19735,617,617,0,24680,19735,44415,18.004560425639728,2.569628523768912,13.335278664539828,18.757475000000024,1.6284079999999994
appliances-energy.csv,real-world,ar1,candidate,19735,617,617,0,24680,19735,44415,18.004560425639728,6.3543303153033176e+16,8.666546497494646e+18,24.96409399999996,1.937208000000002
appliances-energy.csv,real-world,lag24,candidate,19735,617,616,0,76384,4951,81335,32.97086394730175,nan,nan,6.545480999999994,1.1145999999999998
metro-traffic.csv,real-world,mean,baseline,48204,1507,1507,0,48224,48204,96428,16.003319226620196,67.26334131246587,163.10519420842866,2.136134000000002,3.9580509999999998
metro-traffic.csv,real-world,linear,baseline,48204,1507,1507,0,54252,48204,102456,17.003734129947723,62.1022128563006,158.43713343108539,17.69081799999999,3.9574260000000017
metro-traffic.csv,real-world,random_walk,baseline,48204,1507,1507,0,48224,48204,96428,16.003319226620196,110.1065919032373,868.2307457438653,45.66565799999999,4.237307999999995
metro-traffic.csv,real-world,median,candidate,48204,1507,1507,0,48224,48204,96428,16.003319226620196,66.67180098736031,158.35233315632104,4.928204999999999,3.8269709999999995
metro-traffic.csv,real-world,quadratic,candidate,48204,1507,1507,0,60280,48204,108484,18.004149033275247,51.5618153942165,148.50514385136648,45.26698100000007,3.8966390000000017
metro-traffic.csv,real-world,ar1,candidate,48204,1507,1507,0,60280,48204,108484,18.004149033275247,67.11131088693804,1573.6092333549886,60.48160399999996,4.712230999999991
metro-traffic.csv,real-world,lag24,candidate,48204,1507,1506,0,186744,12404,199148,33.05086714795453,nan,nan,15.996854999999975,2.6940820000000008
beijing-pm25.csv,real-world,mean,baseline,34139,1067,1067,0,34144,34139,68283,16.00117168048273,1.6700985857799406,16.031408476181127,1.5605429999999991,2.8538570000000028
beijing-pm25.csv,real-world,linear,baseline,34139,1067,1067,0,38412,34139,72551,17.001318140543074,1.2813258453484555,15.998076029933031,12.565583999999983,2.817126
beijing-pm25.csv,real-world,random_walk,baseline,34139,1067,1067,0,34144,34139,68283,16.00117168048273,3.0419275688336187,44.0,32.026001999999984,3.0393909999999975
beijing-pm25.csv,real-world,median,candidate,34139,1067,1067,0,34144,34139,68283,16.00117168048273,1.6522344358265575,15.351575706348427,3.4963699999999984,2.7287030000000034
beijing-pm25.csv,real-world,quadratic,candidate,34139,1067,1067,0,42680,34139,76819,18.001464600603416,1.041316176008341,12.706696842714052,31.998583999999976,2.788189
beijing-pm25.csv,real-world,ar1,candidate,34139,1067,1067,0,42680,34139,76819,18.001464600603416,1599.469915634999,228029.24362193933,45.00738500000009,3.3756520000000054
beijing-pm25.csv,real-world,lag24,candidate,34139,1067,1067,0,132308,9000,141308,33.113565130788835,0.6631081386602279,13.103194565023955,11.245681000000005,1.8923099999999966
