evidence_group	dataset	predictor
internal	data/examples/trend.csv	auto
internal	data/examples/trend.csv	mean
internal	data/examples/trend.csv	linear
internal	data/examples/trend.csv	rw
internal	data/examples/sine_noise.csv	auto
internal	data/examples/sine_noise.csv	mean
internal	data/examples/sine_noise.csv	linear
internal	data/examples/sine_noise.csv	rw
internal	data/examples/flat_spike.csv	auto
internal	data/examples/flat_spike.csv	mean
internal	data/examples/flat_spike.csv	linear
internal	data/examples/flat_spike.csv	rw
real-world	data/real-world/canonical/appliances-energy.csv	auto
real-world	data/real-world/canonical/appliances-energy.csv	mean
real-world	data/real-world/canonical/appliances-energy.csv	linear
real-world	data/real-world/canonical/appliances-energy.csv	rw
real-world	data/real-world/canonical/metro-traffic.csv	auto
real-world	data/real-world/canonical/metro-traffic.csv	mean
real-world	data/real-world/canonical/metro-traffic.csv	linear
real-world	data/real-world/canonical/metro-traffic.csv	rw
real-world	data/real-world/canonical/beijing-pm25.csv	auto
real-world	data/real-world/canonical/beijing-pm25.csv	mean
real-world	data/real-world/canonical/beijing-pm25.csv	linear
real-world	data/real-world/canonical/beijing-pm25.csv	rw
