evidence_group,architecture,row_count,median_segment_count,median_per_segment_overhead_reduction_fraction,median_total_reduction_fraction,median_current_structural_fraction,median_projected_structural_fraction,median_structural_fraction_decrease
external,A0,56,1.0,0.5227272727272727,0.0009048452190926339,0.006530622016059879,0.005631214365721052,0.0008994076503388271
external,A1,56,421.5,0.5227272727272727,0.21248220049332844,0.40892013089322504,0.24927982407916438,0.15936034695084553
external,A2,56,421.5,0.5613506978222448,0.22677089951300183,0.40892013089322504,0.23584730215066368,0.1730789051651675
external,A3,56,842.0,0.5227272727272727,0.30113948693737186,0.5794964844635971,0.3972952196080899,0.18084886770306258
external,A4,56,842.0,0.5661978486127595,0.31837554395958956,0.5794964844635971,0.37487599593813214,0.19634907663576748
internal,A0,21,1.0,0.5227272727272727,0.04935622317596566,0.3562231759656652,0.3227990970654628,0.033424078900202436
internal,A1,21,5.0,0.5227272727272727,0.1791277258566978,0.5327102803738317,0.4307400379506641,0.1019702424231676
internal,A2,21,5.0,0.5590909090909091,0.19158878504672897,0.5327102803738317,0.42196531791907516,0.11074496245475657
internal,A3,21,4.0,0.5227272727272727,0.15384615384615385,0.5121951219512195,0.45054945054945056,0.09121313469139558
internal,A4,21,4.0,0.5454545454545454,0.1605351170568562,0.5121951219512195,0.43609022556390975,0.09593732095031249
