dataset,evidence_group,config_id,axis,C_Q,Q_MIN,min_segment_length,max_segment_length,mse_threshold,n_samples,raw_bytes,encoded_bytes,bits_per_sample,compression_ratio,mse,rmse,max_abs_error,segment_count,mean_segment_length,min_observed_segment_length,max_observed_segment_length,mean_predictor_segments,linear_predictor_segments,rw_predictor_segments,encode_time_ms,decode_time_ms
trend.csv,internal,cq-00625,C_Q,0.0625,1e-06,32,128,0.5,200,1600,402,16.08,3.98009950249,2.93842728025e-14,1.71418414421e-07,2.96533105626e-07,2,100,72,128,0,2,0,4.63222,0.117535
trend.csv,internal,cq-0125,C_Q,0.125,1e-06,32,128,0.5,200,1600,402,16.08,3.98009950249,2.93842728025e-14,1.71418414421e-07,2.96533105626e-07,2,100,72,128,0,2,0,4.487452,0.111485
trend.csv,internal,cq-025,C_Q,0.25,1e-06,32,128,0.5,200,1600,402,16.08,3.98009950249,2.93842728025e-14,1.71418414421e-07,2.96533105626e-07,2,100,72,128,0,2,0,4.61216,0.113246
trend.csv,internal,reference,reference,0.5,1e-06,32,128,0.5,200,1600,402,16.08,3.98009950249,2.93842728025e-14,1.71418414421e-07,2.96533105626e-07,2,100,72,128,0,2,0,5.122505,0.111591
trend.csv,internal,cq-1,C_Q,1,1e-06,32,128,0.5,200,1600,402,16.08,3.98009950249,2.93842728025e-14,1.71418414421e-07,2.96533105626e-07,2,100,72,128,0,2,0,6.107384,0.285197
trend.csv,internal,cq-2,C_Q,2,1e-06,32,128,0.5,200,1600,402,16.08,3.98009950249,2.93842728025e-14,1.71418414421e-07,2.96533105626e-07,2,100,72,128,0,2,0,9.715673,0.308426
trend.csv,internal,cq-4,C_Q,4,1e-06,32,128,0.5,200,1600,402,16.08,3.98009950249,2.93842728025e-14,1.71418414421e-07,2.96533105626e-07,2,100,72,128,0,2,0,8.596139,0.112713
trend.csv,internal,mse-0125,mse_threshold,0.5,1e-06,32,128,0.125,200,1600,402,16.08,3.98009950249,2.93842728025e-14,1.71418414421e-07,2.96533105626e-07,2,100,72,128,0,2,0,4.518471,0.113939
trend.csv,internal,mse-2,mse_threshold,0.5,1e-06,32,128,2,200,1600,402,16.08,3.98009950249,2.93842728025e-14,1.71418414421e-07,2.96533105626e-07,2,100,72,128,0,2,0,4.617308,0.114165
trend.csv,internal,mse-8,mse_threshold,0.5,1e-06,32,128,8,200,1600,402,16.08,3.98009950249,2.93842728025e-14,1.71418414421e-07,2.96533105626e-07,2,100,72,128,0,2,0,5.087223,0.117347
trend.csv,internal,mse-32,mse_threshold,0.5,1e-06,32,128,32,200,1600,402,16.08,3.98009950249,2.93842728025e-14,1.71418414421e-07,2.96533105626e-07,2,100,72,128,0,2,0,4.615252,0.110198
trend.csv,internal,mse-128,mse_threshold,0.5,1e-06,32,128,128,200,1600,402,16.08,3.98009950249,2.93842728025e-14,1.71418414421e-07,2.96533105626e-07,2,100,72,128,0,2,0,4.995632,0.155616
trend.csv,internal,mse-512,mse_threshold,0.5,1e-06,32,128,512,200,1600,402,16.08,3.98009950249,2.93842728025e-14,1.71418414421e-07,2.96533105626e-07,2,100,72,128,0,2,0,4.610869,0.196564
trend.csv,internal,mse-2048,mse_threshold,0.5,1e-06,32,128,2048,200,1600,402,16.08,3.98009950249,2.93842728025e-14,1.71418414421e-07,2.96533105626e-07,2,100,72,128,0,2,0,4.717868,0.145559
trend.csv,internal,window-16-64,segment_window,0.5,1e-06,16,64,0.5,200,1600,490,19.6,3.26530612245,2.81397192008e-14,1.6774897675e-07,2.84612177381e-07,4,50,8,64,0,4,0,4.16794,0.13566
trend.csv,internal,window-64-256,segment_window,0.5,1e-06,64,256,0.5,200,1600,358,14.32,4.46927374302,2.93842722507e-14,1.71418412811e-07,2.96533105626e-07,1,200,200,200,0,1,0,7.698015,0.108587
trend.csv,internal,window-128-512,segment_window,0.5,1e-06,128,512,0.5,200,1600,358,14.32,4.46927374302,2.93842722507e-14,1.71418412811e-07,2.96533105626e-07,1,200,200,200,0,1,0,5.512216,0.103952
trend.csv,internal,window-256-1024,segment_window,0.5,1e-06,256,1024,0.5,200,1600,358,14.32,4.46927374302,2.93842722507e-14,1.71418412811e-07,2.96533105626e-07,1,200,200,200,0,1,0,0.704045,0.104076
sine_noise.csv,internal,cq-00625,C_Q,0.0625,1e-06,32,128,0.5,300,2400,678,18.08,3.53982300885,9.56900726153e-05,0.0097821302698,0.0268345657425,6,50,41,64,1,2,3,3.354068,0.183577
sine_noise.csv,internal,cq-0125,C_Q,0.125,1e-06,32,128,0.5,300,2400,678,18.08,3.53982300885,0.000572810846181,0.023933467074,0.0438031891733,6,50,41,64,3,3,0,3.249474,0.16811
sine_noise.csv,internal,cq-025,C_Q,0.25,1e-06,32,128,0.5,300,2400,678,18.08,3.53982300885,0.00152157408738,0.0390073594002,0.0863312180425,6,50,41,64,1,2,3,3.219516,0.177624
sine_noise.csv,internal,reference,reference,0.5,1e-06,32,128,0.5,300,2400,678,18.08,3.53982300885,0.00691614174374,0.0831633437504,0.18020470504,6,50,41,64,1,2,3,3.225093,0.169599
sine_noise.csv,internal,cq-1,C_Q,1,1e-06,32,128,0.5,300,2400,678,18.08,3.53982300885,0.0347639846376,0.18645102477,0.351975282575,6,50,41,64,2,3,1,3.22307,0.167203
sine_noise.csv,internal,cq-2,C_Q,2,1e-06,32,128,0.5,300,2400,678,18.08,3.53982300885,0.114585918296,0.338505418415,0.740865311617,6,50,41,64,0,2,4,3.643538,0.174238
sine_noise.csv,internal,cq-4,C_Q,4,1e-06,32,128,0.5,300,2400,678,18.08,3.53982300885,0.395799235231,0.629125770598,1.29745263007,6,50,41,64,0,5,1,3.884602,0.176843
sine_noise.csv,internal,mse-0125,mse_threshold,0.5,1e-06,32,128,0.125,300,2400,810,21.6,2.96296296296,0.00299022851367,0.0546829819384,0.127409832481,9,33.3333333333,2,44,2,6,1,2.095494,0.190307
sine_noise.csv,internal,mse-2,mse_threshold,0.5,1e-06,32,128,2,300,2400,546,14.56,4.3956043956,0.00909420420564,0.0953635370865,0.178784370226,3,100,44,128,1,2,0,7.976543,0.164057
sine_noise.csv,internal,mse-8,mse_threshold,0.5,1e-06,32,128,8,300,2400,546,14.56,4.3956043956,0.00909420420564,0.0953635370865,0.178784370226,3,100,44,128,1,2,0,8.136885,0.164879
sine_noise.csv,internal,mse-32,mse_threshold,0.5,1e-06,32,128,32,300,2400,546,14.56,4.3956043956,0.00909420420564,0.0953635370865,0.178784370226,3,100,44,128,1,2,0,7.660806,0.157998
sine_noise.csv,internal,mse-128,mse_threshold,0.5,1e-06,32,128,128,300,2400,546,14.56,4.3956043956,0.00909420420564,0.0953635370865,0.178784370226,3,100,44,128,1,2,0,7.46478,0.155761
sine_noise.csv,internal,mse-512,mse_threshold,0.5,1e-06,32,128,512,300,2400,546,14.56,4.3956043956,0.00909420420564,0.0953635370865,0.178784370226,3,100,44,128,1,2,0,7.448787,0.155731
sine_noise.csv,internal,mse-2048,mse_threshold,0.5,1e-06,32,128,2048,300,2400,546,14.56,4.3956043956,0.00909420420564,0.0953635370865,0.178784370226,3,100,44,128,1,2,0,7.401551,0.158709
sine_noise.csv,internal,window-16-64,segment_window,0.5,1e-06,16,64,0.5,300,2400,678,18.08,3.53982300885,0.00691614174374,0.0831633437504,0.18020470504,6,50,41,64,1,2,3,4.372214,0.177222
sine_noise.csv,internal,window-64-256,segment_window,0.5,1e-06,64,256,0.5,300,2400,634,16.9066666667,3.78548895899,0.00883029381319,0.0939696430407,0.175637389075,5,60,3,98,0,4,1,2.755253,0.216195
sine_noise.csv,internal,window-128-512,segment_window,0.5,1e-06,128,512,0.5,300,2400,546,14.56,4.3956043956,0.0102258327536,0.101122859699,0.231810985189,3,100,11,161,1,0,2,4.244903,0.156365
sine_noise.csv,internal,window-256-1024,segment_window,0.5,1e-06,256,1024,0.5,300,2400,502,13.3866666667,4.78087649402,0.00990964859596,0.0995472179218,0.176978235142,2,150,44,256,0,2,0,1.053198,0.158857
flat_spike.csv,internal,cq-00625,C_Q,0.0625,1e-06,32,128,0.5,300,2400,590,15.7333333333,4.06779661017,0.000147715117649,0.0121538108282,0.0519349163957,4,75,32,128,0,4,0,6.962845,0.173408
flat_spike.csv,internal,cq-0125,C_Q,0.125,1e-06,32,128,0.5,300,2400,590,15.7333333333,4.06779661017,0.000731918424201,0.0270539909108,0.104599461439,4,75,32,128,2,2,0,6.351253,0.161961
flat_spike.csv,internal,cq-025,C_Q,0.25,1e-06,32,128,0.5,300,2400,590,15.7333333333,4.06779661017,0.0030666446138,0.0553772933051,0.20350782233,4,75,32,128,2,2,0,6.470205,0.164147
flat_spike.csv,internal,reference,reference,0.5,1e-06,32,128,0.5,300,2400,590,15.7333333333,4.06779661017,0.00830123846113,0.0911111324764,0.587404639863,4,75,32,128,1,2,1,6.448318,0.161626
flat_spike.csv,internal,cq-1,C_Q,1,1e-06,32,128,0.5,300,2400,590,15.7333333333,4.06779661017,0.0398675777182,0.199668669846,0.818896868142,4,75,32,128,1,3,0,6.548545,0.165832
flat_spike.csv,internal,cq-2,C_Q,2,1e-06,32,128,0.5,300,2400,590,15.7333333333,4.06779661017,0.120875538383,0.347671595594,1.65272474084,4,75,32,128,0,3,1,6.468561,0.170606
flat_spike.csv,internal,cq-4,C_Q,4,1e-06,32,128,0.5,300,2400,590,15.7333333333,4.06779661017,0.351514011443,0.59288617073,2.96526283214,4,75,32,128,0,3,1,6.436168,0.166559
flat_spike.csv,internal,mse-0125,mse_threshold,0.5,1e-06,32,128,0.125,300,2400,590,15.7333333333,4.06779661017,0.00830123846113,0.0911111324764,0.587404639863,4,75,32,128,1,2,1,7.061813,0.164994
flat_spike.csv,internal,mse-2,mse_threshold,0.5,1e-06,32,128,2,300,2400,590,15.7333333333,4.06779661017,0.00830123846113,0.0911111324764,0.587404639863,4,75,32,128,1,2,1,13.62833,0.425772
flat_spike.csv,internal,mse-8,mse_threshold,0.5,1e-06,32,128,8,300,2400,546,14.56,4.3956043956,0.0168993718296,0.129997583938,0.552277963932,3,100,44,128,3,0,0,12.731576,0.403264
flat_spike.csv,internal,mse-32,mse_threshold,0.5,1e-06,32,128,32,300,2400,546,14.56,4.3956043956,0.0168993718296,0.129997583938,0.552277963932,3,100,44,128,3,0,0,7.416896,0.153338
flat_spike.csv,internal,mse-128,mse_threshold,0.5,1e-06,32,128,128,300,2400,546,14.56,4.3956043956,0.0168993718296,0.129997583938,0.552277963932,3,100,44,128,3,0,0,7.383676,0.15147
flat_spike.csv,internal,mse-512,mse_threshold,0.5,1e-06,32,128,512,300,2400,546,14.56,4.3956043956,0.0168993718296,0.129997583938,0.552277963932,3,100,44,128,3,0,0,7.354099,0.152321
flat_spike.csv,internal,mse-2048,mse_threshold,0.5,1e-06,32,128,2048,300,2400,546,14.56,4.3956043956,0.0168993718296,0.129997583938,0.552277963932,3,100,44,128,3,0,0,7.372459,0.149872
flat_spike.csv,internal,window-16-64,segment_window,0.5,1e-06,16,64,0.5,300,2400,722,19.2533333333,3.32409972299,0.00302252970549,0.0549775381905,0.369527120428,7,42.8571428571,16,64,4,3,0,4.407559,0.17211
flat_spike.csv,internal,window-64-256,segment_window,0.5,1e-06,64,256,0.5,300,2400,546,14.56,4.3956043956,0.00707152464835,0.0840923578475,0.494030732946,3,100,64,152,1,0,2,5.519671,0.15925
flat_spike.csv,internal,window-128-512,segment_window,0.5,1e-06,128,512,0.5,300,2400,546,14.56,4.3956043956,0.0138394744217,0.117641295563,0.556407751701,3,100,20,152,2,0,1,2.569635,0.155383
flat_spike.csv,internal,window-256-1024,segment_window,0.5,1e-06,256,1024,0.5,300,2400,502,13.3866666667,4.78087649402,0.047600292597,0.21817491285,0.412887641453,2,150,44,256,2,0,0,1.078324,0.141294
appliances-energy.csv,real-world,cq-00625,C_Q,0.0625,1e-06,32,128,0.5,19735,157880,47092,19.0897390423,3.35258642657,1.55389438468,1.24655300115,7.27750396729,617,31.9854132901,23,32,165,319,133,77.668113,11.646334
appliances-energy.csv,real-world,cq-0125,C_Q,0.125,1e-06,32,128,0.5,19735,157880,46997,19.0512287814,3.35936336362,6.44197043584,2.53810370865,15.0595092773,617,31.9854132901,23,32,180,297,140,78.583779,11.293163
appliances-energy.csv,real-world,cq-025,C_Q,0.25,1e-06,32,128,0.5,19735,157880,46997,19.0512287814,3.35936336362,26.6928679121,5.16651409676,30.8168869019,617,31.9854132901,23,32,169,338,110,76.747892,11.106818
appliances-energy.csv,real-world,reference,reference,0.5,1e-06,32,128,0.5,19735,157880,46997,19.0512287814,3.35936336362,104.783924266,10.2364019199,63.4364929199,617,31.9854132901,23,32,174,323,120,76.012466,11.072651
appliances-energy.csv,real-world,cq-1,C_Q,1,1e-06,32,128,0.5,19735,157880,46997,19.0512287814,3.35936336362,430.673566752,20.7526761347,135.466018677,617,31.9854132901,23,32,137,300,180,76.065485,11.164166
appliances-energy.csv,real-world,cq-2,C_Q,2,1e-06,32,128,0.5,19735,157880,46997,19.0512287814,3.35936336362,1462.83463255,38.2470212245,329.067962646,617,31.9854132901,23,32,161,362,94,76.638196,11.080368
appliances-energy.csv,real-world,cq-4,C_Q,4,1e-06,32,128,0.5,19735,157880,46997,19.0512287814,3.35936336362,3115.87423372,55.8200164253,460.523843765,617,31.9854132901,23,32,133,416,68,75.559253,10.950726
appliances-energy.csv,real-world,mse-0125,mse_threshold,0.5,1e-06,32,128,0.125,19735,157880,46997,19.0512287814,3.35936336362,104.783924266,10.2364019199,63.4364929199,617,31.9854132901,23,32,174,323,120,77.250584,11.633694
appliances-energy.csv,real-world,mse-2,mse_threshold,0.5,1e-06,32,128,2,19735,157880,46997,19.0512287814,3.35936336362,104.783924266,10.2364019199,63.4364929199,617,31.9854132901,23,32,174,323,120,76.431018,11.462885
appliances-energy.csv,real-world,mse-8,mse_threshold,0.5,1e-06,32,128,8,19735,157880,46997,19.0512287814,3.35936336362,104.783924266,10.2364019199,63.4364929199,617,31.9854132901,23,32,174,323,120,76.323688,11.10321
appliances-energy.csv,real-world,mse-32,mse_threshold,0.5,1e-06,32,128,32,19735,157880,46953,19.03339245,3.36251144762,104.315605147,10.2135011209,58.1305847168,616,32.0373376623,22,55,179,322,115,77.45166,11.099951
appliances-energy.csv,real-world,mse-128,mse_threshold,0.5,1e-06,32,128,128,19735,157880,42773,17.3389409678,3.69111355294,102.629040303,10.1305992075,62.5858459473,521,37.8790786948,32,128,156,304,61,149.614137,11.311864
appliances-energy.csv,real-world,mse-512,mse_threshold,0.5,1e-06,32,128,512,19735,157880,38197,15.4839625032,4.1333088986,101.524225794,10.075923074,62.5858459473,417,47.3261390887,30,128,118,243,56,242.166625,11.101296
appliances-energy.csv,real-world,mse-2048,mse_threshold,0.5,1e-06,32,128,2048,19735,157880,35953,14.5743096022,4.39128862682,104.38294021,10.2167969643,62.5858459473,366,53.9207650273,19,128,102,231,33,309.309527,10.233301
appliances-energy.csv,real-world,window-16-64,segment_window,0.5,1e-06,16,64,0.5,19735,157880,74145,30.0562452496,2.12934115584,85.0992697197,9.22492654278,70,1234,15.9927066451,7,16,334,581,319,92.631321,13.59638
appliances-energy.csv,real-world,window-64-256,segment_window,0.5,1e-06,64,256,0.5,19735,157880,33445,13.5576387129,4.72058603678,133.497745229,11.5541224344,70,309,63.8673139159,23,64,87,194,28,70.539266,10.217455
appliances-energy.csv,real-world,window-128-512,segment_window,0.5,1e-06,128,512,0.5,19735,157880,26669,10.8108436787,5.91998200157,159.420258199,12.6261735375,64.7821426392,155,127.322580645,23,128,64,86,5,66.957498,9.126058
appliances-energy.csv,real-world,window-256-1024,segment_window,0.5,1e-06,256,1024,0.5,19735,157880,23281,9.43744616164,6.78149564022,170.861421839,13.0713970882,44.0287790895,78,253.012820513,23,256,55,22,1,64.58057,8.599704
metro-traffic.csv,real-world,cq-00625,C_Q,0.0625,1e-06,32,128,0.5,48204,385632,114667,19.0302879429,3.3630599911,781.727712228,27.9593939889,102.566619873,1507,31.9867285999,12,32,350,669,488,195.364359,28.865549
metro-traffic.csv,real-world,cq-0125,C_Q,0.125,1e-06,32,128,0.5,48204,385632,114626,19.0234835283,3.36426290719,3063.34403598,55.3474844594,241.084228516,1507,31.9867285999,12,32,329,656,522,189.500717,27.898299
metro-traffic.csv,real-world,cq-025,C_Q,0.25,1e-06,32,128,0.5,48204,385632,114626,19.0234835283,3.36426290719,12504.8690718,111.825171906,420.557891846,1507,31.9867285999,12,32,354,643,510,187.903422,27.540105
metro-traffic.csv,real-world,reference,reference,0.5,1e-06,32,128,0.5,48204,385632,114626,19.0234835283,3.36426290719,50356.1870784,224.401842859,829.730163574,1507,31.9867285999,12,32,356,616,535,187.11956,27.261814
metro-traffic.csv,real-world,cq-1,C_Q,1,1e-06,32,128,0.5,48204,385632,114626,19.0234835283,3.36426290719,204831.541297,452.583187156,1643.08105469,1507,31.9867285999,12,32,299,682,526,190.984341,28.401699
metro-traffic.csv,real-world,cq-2,C_Q,2,1e-06,32,128,0.5,48204,385632,114626,19.0234835283,3.36426290719,917929.158821,958.086195925,3370.6652832,1507,31.9867285999,12,32,189,643,675,193.885076,47.309924
metro-traffic.csv,real-world,cq-4,C_Q,4,1e-06,32,128,0.5,48204,385632,114626,19.0234835283,3.36426290719,2732115.8051,1652.91131193,5272.40771484,1507,31.9867285999,12,32,25,1149,333,189.269767,27.802614
metro-traffic.csv,real-world,mse-0125,mse_threshold,0.5,1e-06,32,128,0.125,48204,385632,114626,19.0234835283,3.36426290719,50356.1870784,224.401842859,829.730163574,1507,31.9867285999,12,32,356,616,535,187.146432,27.645462
metro-traffic.csv,real-world,mse-2,mse_threshold,0.5,1e-06,32,128,2,48204,385632,114626,19.0234835283,3.36426290719,50356.1870784,224.401842859,829.730163574,1507,31.9867285999,12,32,356,616,535,196.48867,28.879905
metro-traffic.csv,real-world,mse-8,mse_threshold,0.5,1e-06,32,128,8,48204,385632,114626,19.0234835283,3.36426290719,50356.1870784,224.401842859,829.730163574,1507,31.9867285999,12,32,356,616,535,189.53086,27.335446
metro-traffic.csv,real-world,mse-32,mse_threshold,0.5,1e-06,32,128,32,48204,385632,114626,19.0234835283,3.36426290719,50356.1870784,224.401842859,829.730163574,1507,31.9867285999,12,32,356,616,535,190.329283,27.392737
metro-traffic.csv,real-world,mse-128,mse_threshold,0.5,1e-06,32,128,128,48204,385632,114626,19.0234835283,3.36426290719,50356.1870784,224.401842859,829.730163574,1507,31.9867285999,12,32,356,616,535,199.76474,32.132055
metro-traffic.csv,real-world,mse-512,mse_threshold,0.5,1e-06,32,128,512,48204,385632,114626,19.0234835283,3.36426290719,50356.1870784,224.401842859,829.730163574,1507,31.9867285999,12,32,356,616,535,188.177752,28.804557
metro-traffic.csv,real-world,mse-2048,mse_threshold,0.5,1e-06,32,128,2048,48204,385632,114626,19.0234835283,3.36426290719,50356.1870784,224.401842859,829.730163574,1507,31.9867285999,12,32,356,616,535,189.529827,28.296818
metro-traffic.csv,real-world,window-16-64,segment_window,0.5,1e-06,16,64,0.5,48204,385632,180890,30.0207451664,2.13185914091,22545.6703855,150.152157445,658,3013,15.9986724195,12,16,219,1781,1013,223.005366,40.156387
metro-traffic.csv,real-world,window-64-256,segment_window,0.5,1e-06,64,256,0.5,48204,385632,81494,13.5248527093,4.73202935185,63122.2615735,251.241440796,871.408935547,754,63.9310344828,12,64,257,323,174,188.222686,28.317129
metro-traffic.csv,real-world,window-128-512,segment_window,0.5,1e-06,128,512,0.5,48204,385632,64906,10.7718861505,5.94139216713,72465.8538172,269.194825019,831.372772217,377,127.862068966,76,128,162,191,24,242.328379,25.657775
metro-traffic.csv,real-world,window-256-1024,segment_window,0.5,1e-06,256,1024,0.5,48204,385632,56634,9.39905402041,6.8091958894,77319.3763327,278.063619218,730.483886719,189,255.047619048,76,256,92,95,2,199.863974,27.366401
beijing-pm25.csv,real-world,cq-00625,C_Q,0.0625,1e-06,32,128,0.5,34139,273112,81264,19.0430885498,3.36079936995,0.360841644686,0.600700961116,7.99161052704,1067,31.9953139644,27,32,159,726,182,161.064781,20.788944
beijing-pm25.csv,real-world,cq-0125,C_Q,0.125,1e-06,32,128,0.5,34139,273112,81201,19.0283253757,3.3634068546,1.43516987844,1.19798575886,15.9980754852,1067,31.9953139644,27,32,144,746,177,149.401171,20.692026
beijing-pm25.csv,real-world,cq-025,C_Q,0.25,1e-06,32,128,0.5,34139,273112,81201,19.0283253757,3.3634068546,5.58702780165,2.36368944696,29.2582149506,1067,31.9953139644,27,32,144,751,172,135.275623,19.52689
beijing-pm25.csv,real-world,reference,reference,0.5,1e-06,32,128,0.5,34139,273112,81201,19.0283253757,3.3634068546,21.9236610698,4.68227093084,63.3749084473,1067,31.9953139644,27,32,135,774,158,138.398353,21.685851
beijing-pm25.csv,real-world,cq-1,C_Q,1,1e-06,32,128,0.5,34139,273112,81201,19.0283253757,3.3634068546,87.3652702421,9.34693908411,112.493103027,1067,31.9953139644,27,32,163,728,176,141.857581,20.332553
beijing-pm25.csv,real-world,cq-2,C_Q,2,1e-06,32,128,0.5,34139,273112,81201,19.0283253757,3.3634068546,354.570763633,18.8300494857,236.246551514,1067,31.9953139644,27,32,158,684,225,182.463824,46.693471
beijing-pm25.csv,real-world,cq-4,C_Q,4,1e-06,32,128,0.5,34139,273112,81201,19.0283253757,3.3634068546,966.517633155,31.0888667075,494.062866211,1067,31.9953139644,27,32,92,788,187,147.313384,21.304777
beijing-pm25.csv,real-world,mse-0125,mse_threshold,0.5,1e-06,32,128,0.125,34139,273112,81201,19.0283253757,3.3634068546,21.9236610698,4.68227093084,63.3749084473,1067,31.9953139644,27,32,135,774,158,152.951587,26.99783
beijing-pm25.csv,real-world,mse-2,mse_threshold,0.5,1e-06,32,128,2,34139,273112,81201,19.0283253757,3.3634068546,22.5355501107,4.74716232192,63.3749084473,1067,31.9953139644,24,35,148,769,150,156.587896,37.42122
beijing-pm25.csv,real-world,mse-8,mse_threshold,0.5,1e-06,32,128,8,34139,273112,80981,18.9767714344,3.37254417703,22.2983842062,4.72211649646,63.7757568359,1062,32.1459510358,25,75,157,734,171,158.043141,20.835421
beijing-pm25.csv,real-world,mse-32,mse_threshold,0.5,1e-06,32,128,32,34139,273112,79925,18.7293125165,3.41710353456,22.0068035181,4.69114096123,46,1038,32.8892100193,1,128,134,746,158,181.205833,24.441947
beijing-pm25.csv,real-world,mse-128,mse_threshold,0.5,1e-06,32,128,128,34139,273112,76889,18.0178681274,3.55202954909,21.7203279143,4.66050725933,51.1437187195,969,35.2311661507,12,128,128,690,151,218.061722,19.779559
beijing-pm25.csv,real-world,mse-512,mse_threshold,0.5,1e-06,32,128,512,34139,273112,65801,15.4195494889,4.15057521922,22.8473253528,4.77988758788,43.5131397247,717,47.6136680614,21,128,97,517,103,431.595376,18.563767
beijing-pm25.csv,real-world,mse-2048,mse_threshold,0.5,1e-06,32,128,2048,34139,273112,51281,12.016989367,5.32579317876,32.5177328656,5.70243218861,60.2338256836,387,88.2144702842,32,128,61,289,37,785.499122,17.206208
beijing-pm25.csv,real-world,window-16-64,segment_window,0.5,1e-06,16,64,0.5,34139,273112,128149,30.0299364363,2.13120664227,10.816802408,3.28889075646,49.125,2134,15.9976569822,11,16,300,1497,337,160.259823,25.414726
beijing-pm25.csv,real-world,window-64-256,segment_window,0.5,1e-06,64,256,0.5,34139,273112,57749,13.5326752395,4.72929401375,38.3825226562,6.19536299632,50.2349243164,534,63.9307116105,27,64,76,392,66,123.468412,17.660124
beijing-pm25.csv,real-world,window-128-512,segment_window,0.5,1e-06,128,512,0.5,34139,273112,46001,10.7796947772,5.93708832417,66.3206695407,8.14375033634,46.2106628418,267,127.861423221,91,128,57,187,23,120.08345,16.400088
beijing-pm25.csv,real-world,window-256-1024,segment_window,0.5,1e-06,256,1024,0.5,34139,273112,40149,9.40835994024,6.8024608334,91.4081448977,9.56076068615,43.4745254517,134,254.768656716,91,256,27,102,5,118.767509,16.718743
